SEQUENCE,POSITION,SCORE,
5' --cauuugucucgauauucuaag 3',199-------219,1.078,
  3'ucguaaacagagcuauaagau--5',217-------197,,
5' --gagauugcacggaucuauaaa 3',314-------334,1.024,
  3'gucucuaacgugccuagauau--5',332-------312,,
5' --gcauuugucucgauauucuaa 3',198-------218,1.024,
  3'gucguaaacagagcuauaaga--5',216-------196,,
5' --ggcagcauuugucucgauauu 3',194-------214,1.011,
  3'uaccgucguaaacagagcuau--5',212-------192,,
5' --caguggucgccugcuuuaaca 3',224-------244,1,
  3'gugucaccagcggacgaaauu--5',242-------222,,
5' --aguuggggaugauauguuuca 3',25-------45,0.986,
  3'ggucaaccccuacuauacaaa--5',43-------23,,
5' --agauugcacggaucuauaaaa 3',315-------335,0.982,
  3'ucucuaacgugccuagauauu--5',333-------313,,
5' --gguugcauuuacaacaagaau 3',148-------168,0.978,
  3'uuccaacguaaauguuguucu--5',166-------146,,
5' --ccuaagguugcauuuacaaca 3',143-------163,0.976,
  3'guggauuccaacguaaauguu--5',161-------141,,
5' --cccauaucaaggcgguguauu 3',79-------99,0.961,
  3'ucggguauaguuccgccacau--5',97-------77,,
5' --gguccaguuggggaugauaug 3',20-------40,0.954,
  3'guccaggucaaccccuacuau--5',38-------18,,
5' --gcagcauuugucucgauauuc 3',195-------215,0.945,
  3'accgucguaaacagagcuaua--5',213-------193,,
5' --caaggcgguguauucuuuuug 3',86-------106,0.945,
  3'uaguuccgccacauaagaaaa--5',104-------84,,
5' --gcuaugugauccaaacccaga 3',277-------297,0.944,
  3'gacgauacacuagguuugggu--5',295-------275,,
5' --ucucgauauucuaagaucaca 3',205-------225,0.94,
  3'acagagcuauaagauucuagu--5',223-------203,,
5' --cuacagacuaccccuucaaac 3',120-------140,0.934,
  3'aggaugucugauggggaaguu--5',138-------118,,
5' --ucaaggcgguguauucuuuuu 3',85-------105,0.93,
  3'auaguuccgccacauaagaaa--5',103-------83,,
5' --cgauauucuaagaucacagug 3',208-------228,0.927,
  3'gagcuauaagauucuaguguc--5',226-------206,,
5' --aagguugcauuuacaacaaga 3',146-------166,0.914,
  3'gauuccaacguaaauguuguu--5',164-------144,,
5' --auuugucucgauauucuaaga 3',200-------220,0.91,
  3'cguaaacagagcuauaagauu--5',218-------198,,
5' --cacugcuaugugauccaaacc 3',273-------293,0.908,
  3'aagugacgauacacuagguuu--5',291-------271,,
5' --acaagaauuuaucauccaaau 3',161-------181,0.908,
  3'guuguucuuaaauaguagguu--5',179-------159,,
5' --ggcgguguauucuuuuugaca 3',89-------109,0.908,
  3'uuccgccacauaagaaaaacu--5',107-------87,,
5' --cauuggcaagccacaauuaug 3',44-------64,0.903,
  3'aaguaaccguucgguguuaau--5',62-------42,,
5' --guggucgccugcuuuaacaau 3',226-------246,0.901,
  3'gucaccagcggacgaaauugu--5',244-------224,,
5' --agcacaauguucugcaggucc 3',4-------24,0.901,
  3'ggucguguuacaagacgucca--5',22-------2,,
5' --ccuacagacuaccccuucaaa 3',119-------139,0.899,
  3'aaggaugucugauggggaagu--5',137-------117,,
5' --caauguucugcagguccaguu 3',8-------28,0.899,
  3'guguuacaagacguccagguc--5',26-------6,,
5' --ccugcuuuaacaauuucuaaa 3',233-------253,0.898,
  3'gcggacgaaauuguuaaagau--5',251-------231,,
5' --accuaagguugcauuuacaac 3',142-------162,0.898,
  3'gguggauuccaacguaaaugu--5',160-------140,,
5' --aaggcgguguauucuuuuuga 3',87-------107,0.897,
  3'aguuccgccacauaagaaaaa--5',105-------85,,
5' --auaucaaggcgguguauucuu 3',82-------102,0.897,
  3'gguauaguuccgccacauaag--5',100-------80,,
5' --uggcagcauuugucucgauau 3',193-------213,0.895,
  3'uuaccgucguaaacagagcua--5',211-------191,,
5' --guugcauuuacaacaagaauu 3',149-------169,0.894,
  3'uccaacguaaauguuguucuu--5',167-------147,,
5' --uaucaaggcgguguauucuuu 3',83-------103,0.894,
  3'guauaguuccgccacauaaga--5',101-------81,,
5' --cggaucuauaaaacagacaga 3',323-------343,0.89,
  3'gugccuagauauuuugucugu--5',341-------321,,
5' --cuucaaaccaccuaagguugc 3',133-------153,0.89,
  3'gggaaguuugguggauuccaa--5',151-------131,,
5' --auguucugcagguccaguugg 3',10-------30,0.888,
  3'guuacaagacguccaggucaa--5',28-------8,,
5' --guuucauuggcaagccacaau 3',40-------60,0.886,
  3'uacaaaguaaccguucggugu--5',58-------38,,
5' --aucaaggcgguguauucuuuu 3',84-------104,0.885,
  3'uauaguuccgccacauaagaa--5',102-------82,,
5' --uccauuuguucacugcuaugu 3',263-------283,0.884,
  3'auagguaaacaagugacgaua--5',281-------261,,
5' --cacggaucuauaaaacagaca 3',321-------341,0.881,
  3'acgugccuagauauuuugucu--5',339-------319,,
5' --uacagacuaccccuucaaacc 3',121-------141,0.881,
  3'ggaugucugauggggaaguuu--5',139-------119,,
5' --caguaauggcagcauuugucu 3',187-------207,0.879,
  3'uugucauuaccgucguaaaca--5',205-------185,,
5' --cagcauuugucucgauauucu 3',196-------216,0.878,
  3'ccgucguaaacagagcuauaa--5',214-------194,,
5' --uaaugacagcccauaucaagg 3',70-------90,0.877,
  3'ggauuacugucggguauaguu--5',88-------68,,
5' --acaguggucgccugcuuuaac 3',223-------243,0.876,
  3'agugucaccagcggacgaaau--5',241-------221,,
5' --gauauucuaagaucacagugg 3',209-------229,0.876,
  3'agcuauaagauucuaguguca--5',227-------207,,
5' --guaauggcagcauuugucucg 3',189-------209,0.876,
  3'gucauuaccgucguaaacaga--5',207-------187,,
5' --agagauugcacggaucuauaa 3',313-------333,0.874,
  3'ggucucuaacgugccuagaua--5',331-------311,,
5' --uugucucgauauucuaagauc 3',202-------222,0.873,
  3'uaaacagagcuauaagauucu--5',220-------200,,
5' --agacuaccccuucaaaccacc 3',124-------144,0.871,
  3'ugucugauggggaaguuuggu--5',142-------122,,
5' --accccuucaaaccaccuaagg 3',129-------149,0.87,
  3'gauggggaaguuugguggauu--5',147-------127,,
5' --ccauaucaaggcgguguauuc 3',80-------100,0.87,
  3'cggguauaguuccgccacaua--5',98-------78,,
5' --gcccauaucaaggcgguguau 3',78-------98,0.865,
  3'gucggguauaguuccgccaca--5',96-------76,,
5' --auccauuuguucacugcuaug 3',262-------282,0.861,
  3'aauagguaaacaagugacgau--5',280-------260,,
5' --ucgauauucuaagaucacagu 3',207-------227,0.861,
  3'agagcuauaagauucuagugu--5',225-------205,,
5' --acaauguucugcagguccagu 3',7-------27,0.859,
  3'cguguuacaagacguccaggu--5',25-------5,,
5' --caagaauuuaucauccaaaua 3',162-------182,0.857,
  3'uuguucuuaaauaguagguuu--5',180-------160,,
5' --agaugacccccuagugccaga 3',295-------315,0.856,
  3'ggucuacugggggaucacggu--5',313-------293,,
5' --ccaccuaagguugcauuuaca 3',140-------160,0.856,
  3'uugguggauuccaacguaaau--5',158-------138,,
5' --auggcagcauuugucucgaua 3',192-------212,0.853,
  3'auuaccgucguaaacagagcu--5',210-------190,,
5' --gguguauucuuuuugacaauu 3',92-------112,0.853,
  3'cgccacauaagaaaaacuguu--5',110-------90,,
5' --cugcuuuaacaauuucuaaag 3',234-------254,0.852,
  3'cggacgaaauuguuaaagauu--5',252-------232,,
5' --uggucgccugcuuuaacaauu 3',227-------247,0.852,
  3'ucaccagcggacgaaauuguu--5',245-------225,,
5' --agaauuuaucauccaaauauu 3',164-------184,0.852,
  3'guucuuaaauaguagguuuau--5',182-------162,,
5' --ggaucuauaaaacagacagag 3',324-------344,0.851,
  3'ugccuagauauuuugucuguc--5',342-------322,,
5' --cuaugugauccaaacccagau 3',278-------298,0.851,
  3'acgauacacuagguuuggguc--5',296-------276,,
5' --cuaaugacagcccauaucaag 3',69-------89,0.851,
  3'uggauuacugucggguauagu--5',87-------67,,
5' --caguuggggaugauauguuuc 3',24-------44,0.85,
  3'aggucaaccccuacuauacaa--5',42-------22,,
5' --gggaugauauguuucauuggc 3',30-------50,0.849,
  3'accccuacuauacaaaguaac--5',48-------28,,
5' --gucucgauauucuaagaucac 3',204-------224,0.847,
  3'aacagagcuauaagauucuag--5',222-------202,,
5' --gggaccuaaugacagcccaua 3',64-------84,0.847,
  3'uacccuggauuacugucgggu--5',82-------62,,
5' --gcacggaucuauaaaacagac 3',320-------340,0.846,
  3'aacgugccuagauauuuuguc--5',338-------318,,
5' --ucacugcuaugugauccaaac 3',272-------292,0.846,
  3'caagugacgauacacuagguu--5',290-------270,,
5' --cauaucaaggcgguguauucu 3',81-------101,0.846,
  3'ggguauaguuccgccacauaa--5',99-------79,,
5' --ggaccuaaugacagcccauau 3',65-------85,0.846,
  3'acccuggauuacugucgggua--5',83-------63,,
5' --gaucuauaaaacagacagag 3',325-------345,0.845,
  3'gccuagauauuuugucugucu--5',343-------323,,
5' --ccauuuguucacugcuaugug 3',264-------284,0.845,
  3'uagguaaacaagugacgauac--5',282-------262,,
5' --uaagguugcauuuacaacaag 3',145-------165,0.845,
  3'ggauuccaacguaaauguugu--5',163-------143,,
5' --ccuucaaaccaccuaagguug 3',132-------152,0.845,
  3'ggggaaguuugguggauucca--5',150-------130,,
5' --gcauuuacaacaagaauuuau 3',152-------172,0.844,
  3'aacguaaauguuguucuuaaa--5',170-------150,,
5' --cacaguggucgccugcuuuaa 3',222-------242,0.837,
  3'uagugucaccagcggacgaaa--5',240-------220,,
5' --gauugcacggaucuauaaaac 3',316-------336,0.835,
  3'cucuaacgugccuagauauuu--5',334-------314,,
5' --ugcuuuaacaauuucuaaagu 3',235-------255,0.832,
  3'ggacgaaauuguuaaagauuu--5',253-------233,,
5' --ccuagugccagagauugcacg 3',304-------324,0.831,
  3'ggggaucacggucucuaacgu--5',322-------302,,
5' --ugauauguuucauuggcaagc 3',34-------54,0.83,
  3'cuacuauacaaaguaaccguu--5',52-------32,,
5' --ggggaugauauguuucauugg 3',29-------49,0.83,
  3'aaccccuacuauacaaaguaa--5',47-------27,,
5' --ccacaauuaugggaccuaaug 3',54-------74,0.828,
  3'ucgguguuaauacccuggauu--5',72-------52,,
5' --guccaguuggggaugauaugu 3',21-------41,0.827,
  3'uccaggucaaccccuacuaua--5',39-------19,,
5' --gcacaauguucugcaggucca 3',5-------25,0.824,
  3'gucguguuacaagacguccag--5',23-------3,,
5' --agguugcauuuacaacaagaa 3',147-------167,0.823,
  3'auuccaacguaaauguuguuc--5',165-------145,,
5' --gacaauucauuuuccuacaga 3',106-------126,0.823,
  3'aacuguuaaguaaaaggaugu--5',124-------104,,
5' --uguucugcagguccaguuggg 3',11-------31,0.822,
  3'uuacaagacguccaggucaac--5',29-------9,,
5' --uuuguucacugcuaugugauc 3',267-------287,0.82,
  3'guaaacaagugacgauacacu--5',285-------265,,
5' --aggcgguguauucuuuuugac 3',88-------108,0.818,
  3'guuccgccacauaagaaaaac--5',106-------86,,
5' --augugauccaaacccagauga 3',280-------300,0.816,
  3'gauacacuagguuugggucua--5',298-------278,,
5' --auucuaagaucacaguggucg 3',212-------232,0.815,
  3'uauaagauucuagugucacca--5',230-------210,,
5' --ggucgccugcuuuaacaauuu 3',228-------248,0.81,
  3'caccagcggacgaaauuguua--5',246-------226,,
5' --acugcuaugugauccaaaccc 3',274-------294,0.809,
  3'agugacgauacacuagguuug--5',292-------272,,
5' --caauuaugggaccuaaugaca 3',57-------77,0.809,
  3'guguuaauacccuggauuacu--5',75-------55,,
5' --gaauuuaucauccaaauauua 3',165-------185,0.808,
  3'uucuuaaauaguagguuuaua--5',183-------163,,
5' --aagaauuuaucauccaaauau 3',163-------183,0.808,
  3'uguucuuaaauaguagguuua--5',181-------161,,
5' --ugucucgauauucuaagauca 3',203-------223,0.807,
  3'aaacagagcuauaagauucua--5',221-------201,,
5' --auguuucauuggcaagccaca 3',38-------58,0.807,
  3'uauacaaaguaaccguucggu--5',56-------36,,
5' --aaacccagaugacccccuagu 3',289-------309,0.804,
  3'gguuugggucuacugggggau--5',307-------287,,
5' --cauuuacaacaagaauuuauc 3',153-------173,0.8,
  3'acguaaauguuguucuuaaau--5',171-------151,,
5' --cagagauugcacggaucuaua 3',312-------332,0.798,
  3'cggucucuaacgugccuagau--5',330-------310,,
5' --aauuuaucauccaaauauuaa 3',166-------186,0.795,
  3'ucuuaaauaguagguuuauaa--5',184-------164,,
5' --caaaccaccuaagguugcauu 3',136-------156,0.794,
  3'aaguuugguggauuccaacgu--5',154-------134,,
5' --caccuaagguugcauuuacaa 3',141-------161,0.792,
  3'ugguggauuccaacguaaaug--5',159-------139,,
5' --gucgccugcuuuaacaauuuc 3',229-------249,0.788,
  3'accagcggacgaaauuguuaa--5',247-------227,,
5' --agaucacaguggucgccugcu 3',218-------238,0.788,
  3'auucuagugucaccagcggac--5',236-------216,,
5' --gugauccaaacccagaugacc 3',282-------302,0.787,
  3'uacacuagguuugggucuacu--5',300-------280,,
5' --gccugcuuuaacaauuucuaa 3',232-------252,0.784,
  3'agcggacgaaauuguuaaaga--5',250-------230,,
5' --aacaguaauggcagcauuugu 3',185-------205,0.782,
  3'aauugucauuaccgucguaaa--5',203-------183,,
5' --guguauucuuuuugacaauuc 3',93-------113,0.782,
  3'gccacauaagaaaaacuguua--5',111-------91,,
5' --aauguucugcagguccaguug 3',9-------29,0.782,
  3'uguuacaagacguccagguca--5',27-------7,,
5' --ugcacggaucuauaaaacaga 3',319-------339,0.779,
  3'uaacgugccuagauauuuugu--5',337-------317,,
5' --auuggcaagccacaauuaugg 3',45-------65,0.779,
  3'aguaaccguucgguguuaaua--5',63-------43,,
5' --auugcacggaucuauaaaaca 3',317-------337,0.778,
  3'ucuaacgugccuagauauuuu--5',335-------315,,
5' --ccccuucaaaccaccuaaggu 3',130-------150,0.778,
  3'auggggaaguuugguggauuc--5',148-------128,,
5' --cgguguauucuuuuugacaau 3',91-------111,0.778,
  3'ccgccacauaagaaaaacugu--5',109-------89,,
5' --guuggggaugauauguuucau 3',26-------46,0.777,
  3'gucaaccccuacuauacaaag--5',44-------24,,
5' --gacuaccccuucaaaccaccu 3',125-------145,0.776,
  3'gucugauggggaaguuuggug--5',143-------123,,
5' --cauccaaauauuaacaguaau 3',173-------193,0.772,
  3'uaguagguuuauaauugucau--5',191-------171,,
5' --agcccauaucaaggcggugua 3',77-------97,0.771,
  3'ugucggguauaguuccgccac--5',95-------75,,
5' --aaaccaccuaagguugcauuu 3',137-------157,0.769,
  3'aguuugguggauuccaacgua--5',155-------135,,
5' --aguggucgccugcuuuaacaa 3',225-------245,0.768,
  3'ugucaccagcggacgaaauug--5',243-------223,,
5' --cucgauauucuaagaucacag 3',206-------226,0.765,
  3'cagagcuauaagauucuagug--5',224-------204,,
5' --agcauuugucucgauauucua 3',197-------217,0.765,
  3'cgucguaaacagagcuauaag--5',215-------195,,
5' --uaugugauccaaacccagaug 3',279-------299,0.764,
  3'cgauacacuagguuugggucu--5',297-------277,,
5' --gauauguuucauuggcaagcc 3',35-------55,0.762,
  3'uacuauacaaaguaaccguuc--5',53-------33,,
5' --cuaagguugcauuuacaacaa 3',144-------164,0.76,
  3'uggauuccaacguaaauguug--5',162-------142,,
5' --cauuuguucacugcuauguga 3',265-------285,0.758,
  3'agguaaacaagugacgauaca--5',283-------263,,
5' --cagcccauaucaaggcggugu 3',76-------96,0.757,
  3'cugucggguauaguuccgcca--5',94-------74,,
5' --ucauuggcaagccacaauuau 3',43-------63,0.757,
  3'aaaguaaccguucgguguuaa--5',61-------41,,
5' --uuucauuggcaagccacaauu 3',41-------61,0.757,
  3'acaaaguaaccguucgguguu--5',59-------39,,
5' --gugccagagauugcacggauc 3',308-------328,0.756,
  3'aucacggucucuaacgugccu--5',326-------306,,
5' --accuaaugacagcccauauca 3',67-------87,0.756,
  3'ccuggauuacugucggguaua--5',85-------65,,
5' --aguaauggcagcauuugucuc 3',188-------208,0.755,
  3'ugucauuaccgucguaaacag--5',206-------186,,
5' --auccaaauauuaacaguaaug 3',174-------194,0.755,
  3'aguagguuuauaauugucauu--5',192-------172,,
5' --gaccuaaugacagcccauauc 3',66-------86,0.754,
  3'cccuggauuacugucggguau--5',84-------64,,
5' --ucgccugcuuuaacaauuucu 3',230-------250,0.753,
  3'ccagcggacgaaauuguuaaa--5',248-------228,,
5' --uucauuuuccuacagacuacc 3',111-------131,0.752,
  3'uuaaguaaaaggaugucugau--5',129-------109,,
5' --auucauuuuccuacagacuac 3',110-------130,0.752,
  3'guuaaguaaaaggaugucuga--5',128-------108,,
5' --uucacugcuaugugauccaaa 3',271-------291,0.749,
  3'acaagugacgauacacuaggu--5',289-------269,,
5' --cagguccaguuggggaugaua 3',18-------38,0.744,
  3'acguccaggucaaccccuacu--5',36-------16,,
5' --uauucuuuuugacaauucauu 3',96-------116,0.742,
  3'acauaagaaaaacuguuaagu--5',114-------94,,
5' --gcuuuaacaauuucuaaaguu 3',236-------256,0.741,
  3'gacgaaauuguuaaagauuuc--5',254-------234,,
5' --accaccuaagguugcauuuac 3',139-------159,0.741,
  3'uuugguggauuccaacguaaa--5',157-------137,,
5' --auuaugggaccuaaugacagc 3',59-------79,0.741,
  3'guuaauacccuggauuacugu--5',77-------57,,
5' --uaccccuucaaaccaccuaag 3',128-------148,0.74,
  3'ugauggggaaguuugguggau--5',146-------126,,
5' --caauucauuuuccuacagacu 3',108-------128,0.74,
  3'cuguuaaguaaaaggaugucu--5',126-------106,,
5' --auuuguucacugcuaugugau 3',266-------286,0.739,
  3'gguaaacaagugacgauacac--5',284-------264,,
5' --agguccaguuggggaugauau 3',19-------39,0.738,
  3'cguccaggucaaccccuacua--5',37-------17,,
5' --cgccugcuuuaacaauuucua 3',231-------251,0.737,
  3'cagcggacgaaauuguuaaag--5',249-------229,,
5' --ccagagauugcacggaucuau 3',311-------331,0.736,
  3'acggucucuaacgugccuaga--5',329-------309,,
5' --cccagaugacccccuagugcc 3',292-------312,0.735,
  3'uugggucuacugggggaucac--5',310-------290,,
5' --ugcauuuacaacaagaauuua 3',151-------171,0.733,
  3'caacguaaauguuguucuuaa--5',169-------149,,
5' --auauucuaagaucacaguggu 3',210-------230,0.732,
  3'gcuauaagauucuagugucac--5',228-------208,,
5' --uggggaugauauguuucauug 3',28-------48,0.731,
  3'caaccccuacuauacaaagua--5',46-------26,,
5' --uuugucucgauauucuaagau 3',201-------221,0.73,
  3'guaaacagagcuauaagauuc--5',219-------199,,
5' --aaccaccuaagguugcauuua 3',138-------158,0.73,
  3'guuugguggauuccaacguaa--5',156-------136,,
5' --cuaccccuucaaaccaccuaa 3',127-------147,0.73,
  3'cugauggggaaguuuggugga--5',145-------125,,
5' --ggaugauauguuucauuggca 3',31-------51,0.729,
  3'ccccuacuauacaaaguaacc--5',49-------29,,
5' --aauauuaacaguaauggcagc 3',179-------199,0.728,
  3'guuuauaauugucauuaccgu--5',197-------177,,
5' --ugccagagauugcacggaucu 3',309-------329,0.727,
  3'ucacggucucuaacgugccua--5',327-------307,,
5' --aacaagaauuuaucauccaaa 3',160-------180,0.727,
  3'uguuguucuuaaauaguaggu--5',178-------158,,
5' --uccaaauauuaacaguaaugg 3',175-------195,0.726,
  3'guagguuuauaauugucauua--5',193-------173,,
5' --auuuaucauccaaauauuaac 3',167-------187,0.726,
  3'cuuaaauaguagguuuauaau--5',185-------165,,
5' --gacccccuagugccagagauu 3',299-------319,0.725,
  3'uacugggggaucacggucucu--5',317-------297,,
5' --caauuucuaaaguucuuuuau 3',243-------263,0.725,
  3'uuguuaaagauuucaagaaaa--5',261-------241,,
5' --uugcauuuacaacaagaauuu 3',150-------170,0.725,
  3'ccaacguaaauguuguucuua--5',168-------148,,
5' --aaugacagcccauaucaaggc 3',71-------91,0.725,
  3'gauuacugucggguauaguuc--5',89-------69,,
5' --aauucauuuuccuacagacua 3',109-------129,0.723,
  3'uguuaaguaaaaggaugucug--5',127-------107,,
5' --uaacaguaauggcagcauuug 3',184-------204,0.719,
  3'uaauugucauuaccgucguaa--5',202-------182,,
5' --acggaucuauaaaacagacag 3',322-------342,0.718,
  3'cgugccuagauauuuugucug--5',340-------320,,
5' --uuggggaugauauguuucauu 3',27-------47,0.713,
  3'ucaaccccuacuauacaaagu--5',45-------25,,
5' --uucaaaccaccuaagguugca 3',134-------154,0.712,
  3'ggaaguuugguggauuccaac--5',152-------132,,
5' --cagacuaccccuucaaaccac 3',123-------143,0.712,
  3'augucugauggggaaguuugg--5',141-------121,,
5' --cccccuagugccagagauugc 3',301-------321,0.709,
  3'cugggggaucacggucucuaa--5',319-------299,,
5' --ccaaauauuaacaguaauggc 3',176-------196,0.708,
  3'uagguuuauaauugucauuac--5',194-------174,,
5' --augacccccuagugccagaga 3',297-------317,0.706,
  3'ucuacugggggaucacggucu--5',315-------295,,
5' --ccaguuggggaugauauguuu 3',23-------43,0.706,
  3'caggucaaccccuacuauaca--5',41-------21,,
5' --cugcuaugugauccaaaccca 3',275-------295,0.704,
  3'gugacgauacacuagguuugg--5',293-------273,,
5' --acccagaugacccccuagugc 3',291-------311,0.703,
  3'uuugggucuacugggggauca--5',309-------289,,
5' --cacaauuaugggaccuaauga 3',55-------75,0.703,
  3'cgguguuaauacccuggauua--5',73-------53,,
5' --aacccagaugacccccuagug 3',290-------310,0.702,
  3'guuugggucuacugggggauc--5',308-------288,,
5' --gccacaauuaugggaccuaau 3',53-------73,0.702,
  3'uucgguguuaauacccuggau--5',71-------51,,
5' --ucacaguggucgccugcuuua 3',221-------241,0.701,
  3'cuagugucaccagcggacgaa--5',239-------219,,
5' --acagacuaccccuucaaacca 3',122-------142,0.698,
  3'gaugucugauggggaaguuug--5',140-------120,,
5' --aauuucuaaaguucuuuuauc 3',244-------264,0.695,
  3'uguuaaagauuucaagaaaau--5',262-------242,,
5' --cccuucaaaccaccuaagguu 3',131-------151,0.695,
  3'uggggaaguuugguggauucc--5',149-------129,,
5' --gcgguguauucuuuuugacaa 3',90-------110,0.695,
  3'uccgccacauaagaaaaacug--5',108-------88,,
5' --gccagagauugcacggaucua 3',310-------330,0.694,
  3'cacggucucuaacgugccuag--5',328-------308,,
5' --cacaauguucugcagguccag 3',6-------26,0.691,
  3'ucguguuacaagacguccagg--5',24-------4,,
5' --uguucacugcuaugugaucca 3',269-------289,0.69,
  3'aaacaagugacgauacacuag--5',287-------267,,
5' --augacagcccauaucaaggcg 3',72-------92,0.69,
  3'auuacugucggguauaguucc--5',90-------70,,
5' --cugcagguccaguuggggaug 3',15-------35,0.689,
  3'aagacguccaggucaaccccu--5',33-------13,,
5' --acccccuagugccagagauug 3',300-------320,0.688,
  3'acugggggaucacggucucua--5',318-------298,,
5' --augauauguuucauuggcaag 3',33-------53,0.688,
  3'ccuacuauacaaaguaaccgu--5',51-------31,,
5' --gcaagccacaauuaugggacc 3',49-------69,0.687,
  3'accguucgguguuaauacccu--5',67-------47,,
5' --guucugcagguccaguugggg 3',12-------32,0.687,
  3'uacaagacguccaggucaacc--5',30-------10,,
5' --cuagugccagagauugcacgg 3',305-------325,0.685,
  3'gggaucacggucucuaacgug--5',323-------303,,
5' --cuaagaucacaguggucgccu 3',215-------235,0.685,
  3'aagauucuagugucaccagcg--5',233-------213,,
5' --acaguaauggcagcauuuguc 3',186-------206,0.685,
  3'auugucauuaccgucguaaac--5',204-------184,,
5' --cccuagugccagagauugcac 3',303-------323,0.683,
  3'gggggaucacggucucuaacg--5',321-------301,,
5' --ccuaaugacagcccauaucaa 3',68-------88,0.682,
  3'cuggauuacugucggguauag--5',86-------66,,
5' --acuaccccuucaaaccaccua 3',126-------146,0.676,
  3'ucugauggggaaguuuggugg--5',144-------124,,
5' --gacagcccauaucaaggcggu 3',74-------94,0.674,
  3'uacugucggguauaguuccgc--5',92-------72,,
5' --cagcacaauguucugcagguc 3',3-------23,0.674,
  3'aggucguguuacaagacgucc--5',21-------1,,
5' --uuguucacugcuaugugaucc 3',268-------288,0.673,
  3'uaaacaagugacgauacacua--5',286-------266,,
5' --uucuaagaucacaguggucgc 3',213-------233,0.672,
  3'auaagauucuagugucaccag--5',231-------211,,
5' --ccccuagugccagagauugca 3',302-------322,0.667,
  3'ugggggaucacggucucuaac--5',320-------300,,
5' --guucuuuuauccauuuguuca 3',254-------274,0.667,
  3'uucaagaaaauagguaaacaa--5',272-------252,,
5' --uuccuacagacuaccccuuca 3',117-------137,0.665,
  3'aaaaggaugucugauggggaa--5',135-------115,,
5' --uuuccuacagacuaccccuuc 3',116-------136,0.665,
  3'uaaaaggaugucugaugggga--5',134-------114,,
5' --cuaaaguucuuuuauccauuu 3',249-------269,0.664,
  3'aagauuucaagaaaauaggua--5',267-------247,,
5' --ucauuuuccuacagacuaccc 3',112-------132,0.664,
  3'uaaguaaaaggaugucugaug--5',130-------110,,
5' --uauccauuuguucacugcuau 3',261-------281,0.663,
  3'aaauagguaaacaagugacga--5',279-------259,,
5' --aacaauuucuaaaguucuuuu 3',241-------261,0.662,
  3'aauuguuaaagauuucaagaa--5',259-------239,,
5' --acaauucauuuuccuacagac 3',107-------127,0.662,
  3'acuguuaaguaaaaggauguc--5',125-------105,,
5' --uaauggcagcauuugucucga 3',190-------210,0.661,
  3'ucauuaccgucguaaacagag--5',208-------188,,
5' --caaacccagaugacccccuag 3',288-------308,0.659,
  3'agguuugggucuacuggggga--5',306-------286,,
5' --uuacaacaagaauuuaucauc 3',156-------176,0.658,
  3'uaaauguuguucuuaaauagu--5',174-------154,,
5' --acaauuaugggaccuaaugac 3',56-------76,0.656,
  3'gguguuaauacccuggauuac--5',74-------54,,
5' --ugcagguccaguuggggauga 3',16-------36,0.656,
  3'agacguccaggucaaccccua--5',34-------14,,
5' --cagaugacccccuagugccag 3',294-------314,0.654,
  3'gggucuacugggggaucacgg--5',312-------292,,
5' --aguucuuuuauccauuuguuc 3',253-------273,0.654,
  3'uuucaagaaaauagguaaaca--5',271-------251,,
5' --auuuacaacaagaauuuauca 3',154-------174,0.652,
  3'cguaaauguuguucuuaaaua--5',172-------152,,
5' --ucuuuuugacaauucauuuuc 3',99-------119,0.648,
  3'uaagaaaaacuguuaaguaaa--5',117-------97,,
5' --gaugacccccuagugccagag 3',296-------316,0.647,
  3'gucuacugggggaucacgguc--5',314-------294,,
5' --acaauuucuaaaguucuuuua 3',242-------262,0.647,
  3'auuguuaaagauuucaagaaa--5',260-------240,,
5' --auucuuuuugacaauucauuu 3',97-------117,0.647,
  3'cauaagaaaaacuguuaagua--5',115-------95,,
5' --aaaguucuuuuauccauuugu 3',251-------271,0.646,
  3'gauuucaagaaaauagguaaa--5',269-------249,,
5' --uaacaauuucuaaaguucuuu 3',240-------260,0.645,
  3'aaauuguuaaagauuucaaga--5',258-------238,,
5' --gcagguccaguuggggaugau 3',17-------37,0.644,
  3'gacguccaggucaaccccuac--5',35-------15,,
5' --ugugauccaaacccagaugac 3',281-------301,0.643,
  3'auacacuagguuugggucuac--5',299-------279,,
5' --cuuuaacaauuucuaaaguuc 3',237-------257,0.643,
  3'acgaaauuguuaaagauuuca--5',255-------235,,
5' --uguuucauuggcaagccacaa 3',39-------59,0.641,
  3'auacaaaguaaccguucggug--5',57-------37,,
5' --uugacaauucauuuuccuaca 3',104-------124,0.639,
  3'aaaacuguuaaguaaaaggau--5',122-------102,,
5' --ugauccaaacccagaugaccc 3',283-------303,0.638,
  3'acacuagguuugggucuacug--5',301-------281,,
5' --uuggcaagccacaauuauggg 3',46-------66,0.638,
  3'guaaccguucgguguuaauac--5',64-------44,,
5' --uaaaguucuuuuauccauuug 3',250-------270,0.635,
  3'agauuucaagaaaauagguaa--5',268-------248,,
5' --uacaacaagaauuuaucaucc 3',157-------177,0.635,
  3'aaauguuguucuuaaauagua--5',175-------155,,
5' --ucauccaaauauuaacaguaa 3',172-------192,0.633,
  3'auaguagguuuauaauuguca--5',190-------170,,
5' --gauccaaacccagaugacccc 3',284-------304,0.632,
  3'cacuagguuugggucuacugg--5',302-------282,,
5' --aagaucacaguggucgccugc 3',217-------237,0.629,
  3'gauucuagugucaccagcgga--5',235-------215,,
5' --uucauuggcaagccacaauua 3',42-------62,0.628,
  3'caaaguaaccguucgguguua--5',60-------40,,
5' --uuaacaguaauggcagcauuu 3',183-------203,0.627,
  3'auaauugucauuaccgucgua--5',201-------181,,
5' --uauucuaagaucacagugguc 3',211-------231,0.626,
  3'cuauaagauucuagugucacc--5',229-------209,,
5' --agugccagagauugcacggau 3',307-------327,0.624,
  3'gaucacggucucuaacgugcc--5',325-------305,,
5' --caaauauuaacaguaauggca 3',177-------197,0.623,
  3'agguuuauaauugucauuacc--5',195-------175,,
5' --uuuaucauccaaauauuaaca 3',168-------188,0.622,
  3'uuaaauaguagguuuauaauu--5',186-------166,,
5' --ggcaagccacaauuaugggac 3',48-------68,0.622,
  3'aaccguucgguguuaauaccc--5',66-------46,,
5' --ccagaugacccccuagugcca 3',293-------313,0.621,
  3'ugggucuacugggggaucacg--5',311-------291,,
5' --uguauucuuuuugacaauuca 3',94-------114,0.62,
  3'ccacauaagaaaaacuguuaa--5',112-------92,,
5' --auauuaacaguaauggcagca 3',180-------200,0.615,
  3'uuuauaauugucauuaccguc--5',198-------178,,
5' --uucuuuuugacaauucauuuu 3',98-------118,0.615,
  3'auaagaaaaacuguuaaguaa--5',116-------96,,
5' --gaucacaguggucgccugcuu 3',219-------239,0.614,
  3'uucuagugucaccagcggacg--5',237-------217,,
5' --cauuuuccuacagacuacccc 3',113-------133,0.612,
  3'aaguaaaaggaugucugaugg--5',131-------111,,
5' --ugacaauucauuuuccuacag 3',105-------125,0.611,
  3'aaacuguuaaguaaaaggaug--5',123-------103,,
5' --caacaagaauuuaucauccaa 3',159-------179,0.61,
  3'auguuguucuuaaauaguagg--5',177-------157,,
5' --aauuaugggaccuaaugacag 3',58-------78,0.609,
  3'uguuaauacccuggauuacug--5',76-------56,,
5' --auuucuaaaguucuuuuaucc 3',245-------265,0.607,
  3'guuaaagauuucaagaaaaua--5',263-------243,,
5' --acagcccauaucaaggcggug 3',75-------95,0.607,
  3'acugucggguauaguuccgcc--5',93-------73,,
5' --uccuacagacuaccccuucaa 3',118-------138,0.606,
  3'aaaggaugucugauggggaag--5',136-------116,,
5' --acaacaagaauuuaucaucca 3',158-------178,0.605,
  3'aauguuguucuuaaauaguag--5',176-------156,,
5' --aaauauuaacaguaauggcag 3',178-------198,0.594,
  3'gguuuauaauugucauuaccg--5',196-------176,,
5' --guucacugcuaugugauccaa 3',270-------290,0.593,
  3'aacaagugacgauacacuagg--5',288-------268,,
5' --uccaguuggggaugauauguu 3',22-------42,0.592,
  3'ccaggucaaccccuacuauac--5',40-------20,,
5' --auuaacaguaauggcagcauu 3',182-------202,0.591,
  3'uauaauugucauuaccgucgu--5',200-------180,,
5' --uuaacaauuucuaaaguucuu 3',239-------259,0.588,
  3'gaaauuguuaaagauuucaag--5',257-------237,,
5' --guauucuuuuugacaauucau 3',95-------115,0.587,
  3'cacauaagaaaaacuguuaag--5',113-------93,,
5' --aucuauaaaacagacagag 3',326-------346,0.584,
  3'ccuagauauuuugucugucuc--5',344-------324,,
5' --aauggcagcauuugucucgau 3',191-------211,0.584,
  3'cauuaccgucguaaacagagc--5',209-------189,,
5' --ugacagcccauaucaaggcgg 3',73-------93,0.584,
  3'uuacugucggguauaguuccg--5',91-------71,,
5' --uuaugggaccuaaugacagcc 3',60-------80,0.584,
  3'uuaauacccuggauuacuguc--5',78-------58,,
5' --gaugauauguuucauuggcaa 3',32-------52,0.583,
  3'cccuacuauacaaaguaaccg--5',50-------30,,
5' --ccaaacccagaugacccccua 3',287-------307,0.58,
  3'uagguuugggucuacuggggg--5',305-------285,,
5' --uaucauccaaauauuaacagu 3',170-------190,0.579,
  3'aaauaguagguuuauaauugu--5',188-------168,,
5' --agccacaauuaugggaccuaa 3',52-------72,0.579,
  3'guucgguguuaauacccugga--5',70-------50,,
5' --uuuacaacaagaauuuaucau 3',155-------175,0.575,
  3'guaaauguuguucuuaaauag--5',173-------153,,
5' --uuaucauccaaauauuaacag 3',169-------189,0.572,
  3'uaaauaguagguuuauaauug--5',187-------167,,
5' --uggcaagccacaauuauggga 3',47-------67,0.568,
  3'uaaccguucgguguuaauacc--5',65-------45,,
5' --cuuuuugacaauucauuuucc 3',100-------120,0.567,
  3'aagaaaaacuguuaaguaaaa--5',118-------98,,
5' --uuuaacaauuucuaaaguucu 3',238-------258,0.563,
  3'cgaaauuguuaaagauuucaa--5',256-------236,,
5' --uuuauccauuuguucacugcu 3',259-------279,0.559,
  3'gaaaauagguaaacaagugac--5',277-------257,,
5' --uuuuauccauuuguucacugc 3',258-------278,0.556,
  3'agaaaauagguaaacaaguga--5',276-------256,,
5' --aucacaguggucgccugcuuu 3',220-------240,0.556,
  3'ucuagugucaccagcggacga--5',238-------218,,
5' --ucaaaccaccuaagguugcau 3',135-------155,0.553,
  3'gaaguuugguggauuccaacg--5',153-------133,,
5' --ucuaaaguucuuuuauccauu 3',248-------268,0.551,
  3'aaagauuucaagaaaauaggu--5',266-------246,,
5' --ucuuuuauccauuuguucacu 3',256-------276,0.547,
  3'caagaaaauagguaaacaagu--5',274-------254,,
5' --auccaaacccagaugaccccc 3',285-------305,0.546,
  3'acuagguuugggucuacuggg--5',303-------283,,
5' --uagugccagagauugcacgga 3',306-------326,0.539,
  3'ggaucacggucucuaacgugc--5',324-------304,,
5' --uucugcagguccaguugggga 3',13-------33,0.535,
  3'acaagacguccaggucaaccc--5',31-------11,,
5' --auauguuucauuggcaagcca 3',36-------56,0.534,
  3'acuauacaaaguaaccguucg--5',54-------34,,
5' --uccaaacccagaugacccccu 3',286-------306,0.533,
  3'cuagguuugggucuacugggg--5',304-------284,,
5' --ucuaagaucacaguggucgcc 3',214-------234,0.533,
  3'uaagauucuagugucaccagc--5',232-------212,,
5' --cuuuuauccauuuguucacug 3',257-------277,0.532,
  3'aagaaaauagguaaacaagug--5',275-------255,,
5' --uauuaacaguaauggcagcau 3',181-------201,0.524,
  3'uuauaauugucauuaccgucg--5',199-------179,,
5' --auuuuccuacagacuaccccu 3',114-------134,0.524,
  3'aguaaaaggaugucugauggg--5',132-------112,,
5' --ugcuaugugauccaaacccag 3',276-------296,0.522,
  3'ugacgauacacuagguuuggg--5',294-------274,,
5' --aaguucuuuuauccauuuguu 3',252-------272,0.522,
  3'auuucaagaaaauagguaaac--5',270-------250,,
5' --uaugggaccuaaugacagccc 3',61-------81,0.52,
  3'uaauacccuggauuacugucg--5',79-------59,,
5' --uugcacggaucuauaaaacag 3',318-------338,0.514,
  3'cuaacgugccuagauauuuug--5',336-------316,,
5' --uuuuccuacagacuaccccuu 3',115-------135,0.508,
  3'guaaaaggaugucugaugggg--5',133-------113,,
5' --uuugacaauucauuuuccuac 3',103-------123,0.498,
  3'aaaaacuguuaaguaaaagga--5',121-------101,,
5' --uucuuuuauccauuuguucac 3',255-------275,0.493,
  3'ucaagaaaauagguaaacaag--5',273-------253,,
5' --ugacccccuagugccagagau 3',298-------318,0.488,
  3'cuacugggggaucacggucuc--5',316-------296,,
5' --aagccacaauuaugggaccua 3',51-------71,0.487,
  3'cguucgguguuaauacccugg--5',69-------49,,
5' --uauguuucauuggcaagccac 3',37-------57,0.479,
  3'cuauacaaaguaaccguucgg--5',55-------35,,
5' --uuauccauuuguucacugcua 3',260-------280,0.469,
  3'aaaauagguaaacaagugacg--5',278-------258,,
5' --uaagaucacaguggucgccug 3',216-------236,0.456,
  3'agauucuagugucaccagcgg--5',234-------214,,
5' --uuuuugacaauucauuuuccu 3',101-------121,0.456,
  3'agaaaaacuguuaaguaaaag--5',119-------99,,
5' --caagccacaauuaugggaccu 3',50-------70,0.453,
  3'ccguucgguguuaauacccug--5',68-------48,,
5' --uuuugacaauucauuuuccua 3',102-------122,0.441,
  3'gaaaaacuguuaaguaaaagg--5',120-------100,,
5' --augggaccuaaugacagccca 3',62-------82,0.435,
  3'aauacccuggauuacugucgg--5',80-------60,,
5' --ugggaccuaaugacagcccau 3',63-------83,0.43,
  3'auacccuggauuacugucggg--5',81-------61,,
5' --ucugcagguccaguuggggau 3',14-------34,0.428,
  3'caagacguccaggucaacccc--5',32-------12,,
5' --aucauccaaauauuaacagua 3',171-------191,0.42,
  3'aauaguagguuuauaauuguc--5',189-------169,,
5' --uuucuaaaguucuuuuaucca 3',246-------266,0.406,
  3'uuaaagauuucaagaaaauag--5',264-------244,,
5' --uucuaaaguucuuuuauccau 3',247-------267,0.402,
  3'uaaagauuucaagaaaauagg--5',265-------245,,