ID,19mer,expression,stdev
1,CUAAUAUGUUAAUUGAUUU,65.54809843,0
2,AAUAUGUUAAUUGAUUUAU,71.36465324,0
3,GAUUUAUACAAUUCCUUUC,61.67039523,0
4,CAAUUCCUUUCAAUUUUAU,72.85607755,0
5,CAGACCAAAAUUAAAUAAG,61.0738255,0
6,AGACCAAAAUUAAAUAAGA,67.03952274,0
7,ACCAAAAUUAAAUAAGAAA,67.11409396,0
8,CAAAAUUAAAUAAGAAAGU,67.48695004,0
9,UAAGAAAGUUACAUAAGAU,55.92841163,0
10,AAGUUACAUAAGAUUCCAU,61.89410887,0
11,ACAUAAGAUUCCAUUUGAG,58.61297539,0
12,AAGAUUCCAUUUGAGCAUA,59.20954512,0
13,CCAUUUGAGCAUACAUAAG,67.18866518,0
14,CAUUUGAGCAUACAUAAGG,51.4541387,0
15,AUAAGGCCAUGAUACUUUA,43.40044743,0
16,GCCAUGAUACUUUAAUGUG,53.46756152,0
17,UUAAUGUGAACCACCAUUU,36.01789709,0
18,UGUGAACCACCAUUUCUUG,36.68903803,0
19,GAACCACCAUUUCUUGGAA,71.43922446,0
20,AUUUCUUGGAAGAAAGAAG,59.95525727,0
21,UGGAAGAAAGAAGACAUCC,37.9567487,0
22,GGAAGAAAGAAGACAUCCA,48.99328859,0
23,GAAAGAAGACAUCCAAAUG,45.11558538,0
24,AAGACAUCCAAAUGUCCGA,38.10589113,0
25,CAUCCAAAUGUCCGAUUCA,70.99179717,0
26,UUCCUGGCCAGUCAUCCAG,43.54958986,0
27,CCUGGCCAGUCAUCCAGUA,58.83668904,0
28,AGUCAUCCAGUAGACUCUC,42.35645041,0
29,AGACUCUCUCCACUCUUCA,47.27815063,0
30,GGAAGGUGAUGCUUAUAUU,61.37211037,0
31,UCUACAAAGCUCACAUACA,43.84787472,0
32,CAACAAGACAGUACAUCCU,39.07531693,0
33,ACAGUACAUCCUAGAUUUG,40.79045488,0
34,UCCUAGAUUUGUGACUGAU,43.84787472,0
35,UUUGUGACUGAUAUGAGCA,37.65846383,0
36,UGUGACUGAUAUGAGCAUU,43.32587621,0
37,GCAUUUAAGGCUGUCAUUU,68.45637584,0
38,UUUAAGGCUGUCAUUUUCA,41.23788218,0
39,UUAAGGCUGUCAUUUUCAA,35.04847129,0
40,AAGUAUAAAAGUUUAGUGU,43.251305,0
41,UAAAAGUUUAGUGUUCCAU,38.77703207,0
42,GUGUUCCAUUACCCAAUCU,46.30872483,0
43,UGUUCCAUUACCCAAUCUG,35.64504101,0
44,GUUCCAUUACCCAAUCUGU,64.87695749,0
45,UGUGCAGUAGACAUAGCUA,35.27218494,0
46,UGCAGUAGACAUAGCUAUA,42.13273676,0
47,UAGCUAUAAGCUCAAGUCA,36.68903803,0
48,AUAAGCUCAAGUCAUGUGA,35.12304251,0
49,CUCAAGUCAUGUGAAUUAA,59.43325876,0
50,UAUAAUUUGGGCAACAGCA,36.16703952,0
51,AUAAUUUGGGCAACAGCAA,37.73303505,0
52,GCAACAGCAAGUUUAAAUG,44.36987323,0
53,ACAGCAAGUUUAAAUGUAG,38.4787472,0
54,AUUGUUUCUCUAAAAUGCA,36.68903803,0
55,AUGCAUUAGGUUGUUCACA,43.7733035,0
56,UGCAUUAGGUUGUUCACAA,38.10589113,0
57,UAACACCAUUAUCUGAUGC,30.79791201,0
58,AACACCAUUAUCUGAUGCA,54.06413125,0
59,CAUUAUCUGAUGCAUCCAU,38.4787472,0
60,UAUCUGAUGCAUCCAUUAU,39.74645787,0
61,CUGAUGCAUCCAUUAUCUG,40.04474273,0
62,AUCCAUUAUCUGAUGCAUG,46.08501119,0
63,CAUUAUCUGAUGCAUGGCA,55.48098434,0
64,UUAUCUGAUGCAUGGCAUA,43.54958986,0
65,AUGCAAUAAGGCAGAUCCA,33.85533184,0
66,GCAAUAAGGCAGAUCCACA,48.69500373,0
67,CAAUAAGGCAGAUCCACAG,41.08873975,0
68,CGUCCCGUAGUAGUCGUCG,53.24384787,0
69,CCCGUAGUAGUCGUCGUAG,48.5458613,0
70,GUAGUCGUCGUAGAAGAGG,38.32960477,0
71,UAGUCGUCGUAGAAGAGGU,33.40790455,0
72,GUCGUAGAAGAGGUCUGAG,72.25950783,0
73,AGAGGUCUGAGCCCUCGUC,61.44668158,0
74,GUCUGAGCCCUCGUCGGGC,74.94407159,0
75,GUCGGGCGCCGGCGCCUUG,80.01491424,0
76,GCGCCGGCGCCUUGGUCUU,80.98434004,0
77,UGGUCUUCACGCAGUACUC,45.04101417,0
78,GUCUUCACGCAGUACUCGG,56.00298285,0
79,UUCACGCAGUACUCGGCCA,51.37956749,0
80,CGCAGUACUCGGCCAGCGU,60.92468307,0
81,GUCACGCUCCGCGUCCACC,60.17897092,0
82,CCUUGGUCCCCAGGACCUG,67.93437733,0
83,GUCCCCAGGACCUGCUUCC,56.45041014,0
84,GCUUCCGGAUGAUGUCUGU,73.97464579,0
85,GAUGAUGUCUGUGUACUCC,42.87844892,0
86,UGUGUACUCCCGAUCCUUC,44.59358688,0
87,GUGUACUCCCGAUCCUUCC,57.86726324,0
88,CCCGAUCCUUCCCCUUGCU,69.27665921,0
89,UUUCCACUUCCUGUACAUC,38.18046234,0
90,CCUGUACAUCACGGAGGCG,72.85607755,0
91,CAUCACGGAGGCGUCCACG,40.79045488,0
92,UCACGGAGGCGUCCACGUU,58.83668904,0
93,CGGGCGAGAAGGUGUUGGG,65.77181208,0
94,GUUGGGCUCGUUCAGGAGG,49.14243102,0
95,UCGUUCAGGAGGGAGAUCA,47.80014914,0
96,GGAGGGAGAUCACACUCAG,82.699478,0
97,GAGGGAGAUCACACUCAGG,56.45041014,0
98,GGGAGAUCACACUCAGGAG,68.45637584,0
99,UCACACUCAGGAGAAUGGU,39.37360179,0
100,CACACUCAGGAGAAUGGUC,66.51752424,0
101,CAGGAGAAUGGUCCUGACG,46.23415362,0
102,AGGAGAAUGGUCCUGACGU,46.1595824,0
103,CUGACGUUCUGCGUGGGGU,56.89783743,0
104,UCUGCGUGGGGUUCCACCU,45.86129754,0
105,CCACCUCUCUGAGGGCAGC,70.6935123,0
106,GGUCGUCCACCGGCGGGUG,81.05891126,0
107,GUCGUCCACCGGCGGGUGG,67.03952274,0
108,CGUAGAUGUUAGGGUGCCA,81.28262491,0
109,UGUUAGGGUGCCACAUCUU,72.63236391,0
110,GUGGAGAGUAUGGGUAGUC,50.85756898,0
111,GUAUGGGUAGUCGAUGGGG,66.51752424,0
112,GAUGGGGAACUUGAGGCGC,56.748695,0
113,AUGGGGAACUUGAGGCGCG,61.89410887,0
114,CGCCUUGAAGUAGCCGCCC,77.77777778,0
115,GAAGUAGCCGCCCUCGUAG,55.40641312,0
116,AAGUAGCCGCCCUCGUAGU,45.04101417,0
117,CCUCCCAGUUGUAUAGAUC,68.90380313,0
118,UCCCAGUUGUAUAGAUCGC,44.81730052,0
119,GUUGUAUAGAUCGCCCUCG,45.78672632,0
120,UGUAUAGAUCGCCCUCGUC,52.05070843,0
121,UCGCCCUCGUCCACCAGUG,43.69873229,0
122,CGUCCACCAGUGUCACGCG,49.81357196,0
123,CCCUCGACCGGCUCUUCCU,66.96495153,0
124,CGGCUCUUCCUGCAGCCCC,64.50410142,0
125,GUCUGUUUUAUAGAUCCGU,49.06785981,0
126,UUUAUAGAUCCGUGCAAUC,31.09619687,0
127,AGAUCCGUGCAAUCUCUGG,38.85160328,0
128,CGUGCAAUCUCUGGCACUA,53.46756152,0
129,UGCAAUCUCUGGCACUAGG,35.71961223,0
130,GGGUCAUCUGGGUUUGGAU,66.8158091,0
131,GGUCAUCUGGGUUUGGAUC,57.86726324,0
132,CUGGGUUUGGAUCACAUAG,28.56077554,0
133,GGGUUUGGAUCACAUAGCA,68.53094705,0
134,UUGGAUCACAUAGCAGUGA,29.00820283,0
135,CAUAGCAGUGAACAAAUGG,29.53020134,0
136,AUAGCAGUGAACAAAUGGA,26.62192394,0
137,UAGCAGUGAACAAAUGGAU,28.33706189,0
138,GCAGUGAACAAAUGGAUAA,82.40119314,0
139,GUGAACAAAUGGAUAAAAG,79.86577181,0
140,UGGAUAAAAGAACUUUAGA,52.12527964,0
141,GAUAAAAGAACUUUAGAAA,77.18120805,0
142,AAAAGAACUUUAGAAAUUG,39.8956003,0
143,UUUAGAAAUUGUUAAAGCA,31.39448173,0
144,UUAGAAAUUGUUAAAGCAG,33.10961969,0
145,AUUGUUAAAGCAGGCGACC,36.98732289,0
146,UUGUUAAAGCAGGCGACCA,32.66219239,0
147,UGUUAAAGCAGGCGACCAC,25.27964206,0
148,GGCGACCACUGUGAUCUUA,58.53840418,0
149,CGACCACUGUGAUCUUAGA,67.71066368,0
150,UGAUCUUAGAAUAUCGAGA,26.84563758,0
151,GAAUAUCGAGACAAAUGCU,40.93959732,0
152,AAUAUCGAGACAAAUGCUG,29.00820283,0
153,AUCGAGACAAAUGCUGCCA,25.72706935,0
154,ACAAAUGCUGCCAUUACUG,27.36763609,0
155,UGCUGCCAUUACUGUUAAU,57.04697987,0
156,CUGUUAAUAUUUGGAUGAU,76.13721104,0
157,UAAUAUUUGGAUGAUAAAU,43.17673378,0
158,UUUGGAUGAUAAAUUCUUG,30.57419836,0
159,GAUAAAUUCUUGUUGUAAA,63.60924683,0
160,AUAAAUUCUUGUUGUAAAU,44.51901566,0
161,UAAAUUCUUGUUGUAAAUG,47.80014914,0
162,AAUUCUUGUUGUAAAUGCA,37.88217748,0
163,AUUCUUGUUGUAAAUGCAA,48.99328859,0
164,CUUGUUGUAAAUGCAACCU,35.42132737,0
165,UUGUUGUAAAUGCAACCUU,38.10589113,0
166,GUUGUAAAUGCAACCUUAG,39.67188665,0
167,CAACCUUAGGUGGUUUGAA,51.97613721,0
168,ACCUUAGGUGGUUUGAAGG,29.53020134,0
169,GGUGGUUUGAAGGGGUAGU,52.94556301,0
170,GUGGUUUGAAGGGGUAGUC,34.67561521,0
171,UUGAAGGGGUAGUCUGUAG,29.23191648,0
172,UGAAGGGGUAGUCUGUAGG,25.5033557,0
173,UAGUCUGUAGGAAAAUGAA,36.61446682,0
174,GUCUGUAGGAAAAUGAAUU,53.54213274,0
175,CUGUAGGAAAAUGAAUUGU,43.17673378,0
176,UGUAGGAAAAUGAAUUGUC,31.17076808,0
177,GUAGGAAAAUGAAUUGUCA,58.68754661,0
178,AAAAGAAUACACCGCCUUG,22.07307979,0
179,AGAAUACACCGCCUUGAUA,25.80164057,0
180,CUUGAUAUGGGCUGUCAUU,40.34302759,0
181,UUGAUAUGGGCUGUCAUUA,27.14392245,0
182,GGGCUGUCAUUAGGUCCCA,63.75838926,0
183,GCUGUCAUUAGGUCCCAUA,66.89038031,0
184,UGUCAUUAGGUCCCAUAAU,52.19985086,0
185,GGUCCCAUAAUUGUGGCUU,61.22296793,0
186,GUCCCAUAAUUGUGGCUUG,73.75093214,0
187,UCCCAUAAUUGUGGCUUGC,43.47501864,0
188,CCCAUAAUUGUGGCUUGCC,55.10812826,0
189,UAAUUGUGGCUUGCCAAUG,25.20507084,0
190,UUGUGGCUUGCCAAUGAAA,36.39075317,0
191,UGUGGCUUGCCAAUGAAAC,29.23191648,0
192,UGGCUUGCCAAUGAAACAU,32.36390753,0
193,GGCUUGCCAAUGAAACAUA,66.66666667,0
194,GCCAAUGAAACAUAUCAUC,50.70842655,0
195,CAAUGAAACAUAUCAUCCC,29.15734526,0
196,AUAUCAUCCCCAACUGGAC,34.1536167,0
197,UAUCAUCCCCAACUGGACC,30.12677107,0
198,CCCCAACUGGACCUGCAGA,75.4660701,0
199,CCCAACUGGACCUGCAGAA,62.71439224,0
200,GACCUGCAGAACAUUGUGC,25.20507084,0
201,ACCUGCAGAACAUUGUGCU,24.31021626,0
202,CCUGCAGAACAUUGUGCUG,34.52647278,0
203,CUUUGUUCAACAAUGGCCG,42.95302013,0
204,GUUCAACAAUGGCCGAAAC,54.06413125,0
205,CAAUGGCCGAAACUCUUUU,63.31096197,0
206,AUGGCCGAAACUCUUUUCU,41.98359433,0
207,UGGCCGAAACUCUUUUCUC,38.32960477,0
208,CGAAACUCUUUUCUCAUAU,65.47352722,0
209,AAACUCUUUUCUCAUAUUC,41.31245339,0
210,ACUCUUUUCUCAUAUUCUC,37.65846383,0
211,CUCUUUUCUCAUAUUCUCG,45.1901566,0
212,UCUUUUCUCAUAUUCUCGU,37.21103654,0
213,AUUCUCGUUUGUUUUCCUG,37.36017897,0
214,UUUGUUUUCCUGAUAAAGC,40.04474273,0
215,UUUCCUGAUAAAGCUGUGC,37.5093214,0
216,UCCUGAUAAAGCUGUGCUG,42.20730798,0
217,GAUAAAGCUGUGCUGCCUG,43.99701715,0
218,AAAGCUGUGCUGCCUGGCU,46.75615213,0
219,AGCUGUGCUGCCUGGCUAU,46.90529456,0
220,GCUGUGCUGCCUGGCUAUU,61.96868009,0
221,UGCUGCCUGGCUAUUGGCU,43.40044743,0
222,CCUGGCUAUUGGCUGGACU,48.76957494,0
223,GGACUGUUAGGAUUCGGUU,62.78896346,0
224,GACUGUUAGGAUUCGGUUC,45.78672632,0
225,UUAGGAUUCGGUUCAUCCA,44.59358688,0
226,AGGAUUCGGUUCAUCCAGC,39.22445936,0
227,GGUUCAUCCAGCAGAGACU,60.40268456,0
228,UUCAUCCAGCAGAGACUGA,53.46756152,0
229,AUCCAGCAGAGACUGAAUU,54.66070097,0
230,CUGAAUUGAUGUUAAGAUA,62.34153617,0
231,UUAAGAUAGAAGAUACAUC,36.83818046,0
232,AUAGAAGAUACAUCAUAUG,37.43475019,0
233,AUACAUCAUAUGUUGGACU,37.65846383,0
234,AUGUUGGACUCCAUCGAUU,44.51901566,0
235,UGUUGGACUCCAUCGAUUC,37.28560776,0
236,GUUGGACUCCAUCGAUUCU,51.67785235,0
237,UUGGACUCCAUCGAUUCUG,35.64504101,0
238,GACUCCAUCGAUUCUGAAG,46.1595824,0
239,CUCCAUCGAUUCUGAAGGA,62.71439224,0
240,UCCAUCGAUUCUGAAGGAU,42.43102163,0
241,CGAUUCUGAAGGAUAUCUA,64.28038777,0
242,CUGAAGGAUAUCUAAACAU,65.17524236,0
243,UGAAGGAUAUCUAAACAUA,52.64727815,0
244,UCUAAACAUAUGCUACCAU,48.24757644,0
245,UAUGCUACCAUCAGCAUAC,43.54958986,0
246,CCAUCAGCAUACACAUUUG,53.31841909,0
247,UCAGCAUACACAUUUGGAU,45.56301268,0
248,GCAUACACAUUUGGAUGAA,65.69724087,0
249,CACAUUUGGAUGAAACAUU,52.64727815,0
250,UUUGGAUGAAACAUUUUGG,36.91275168,0
251,GGAUGAAACAUUUUGGAUA,64.05667412,0
252,AAAACCUAACAGUUGGUGG,48.02386279,0
253,AGUUGGUGGUUUAUUUGGA,53.91498881,0
254,GUUUAUUUGGAUAUUCUUC,42.05816555,0
255,UUAUUUGGAUAUUCUUCAG,40.26845638,0
256,UUUGGAUAUUCUUCAGAAA,38.4787472,0
257,UUGGAUAUUCUUCAGAAAA,36.39075317,0
258,UGGAUAUUCUUCAGAAAAU,52.49813572,0
259,UCAGAAAAUUCUAUUACUA,46.08501119,0
260,AAAAUUCUAUUACUAGUUU,64.57867263,0
261,AAUUCUAUUACUAGUUUAA,65.17524236,0
262,AUUACUAGUUUAAAAGUAC,35.71961223,0
263,AUCUUCAAAAGGUGUCCCU,41.75988069,0
264,CUUCAAAAGGUGUCCCUUC,40.49217002,0
265,UUCUGGUCCAAAUAUAACU,41.08873975,0
266,UGGUCCAAAUAUAACUGCA,39.07531693,0
267,GGUCCAAAUAUAACUGCAU,60.32811335,0
268,AAAUAUAACUGCAUUCCAC,36.91275168,0
269,AUAUAACUGCAUUCCACUG,37.73303505,0
270,CAUUCCACUGCAUGAUGUU,58.98583147,0
271,UCCACUGCAUGAUGUUGUU,57.94183445,0
272,GCAUGAUGUUGUUUUCAGA,63.98210291,0
273,GAUGUUGUUUUCAGAUGGU,62.11782252,0
274,UGUUGUUUUCAGAUGGUGC,44.66815809,0
275,UUGUUUUCAGAUGGUGCGC,45.71215511,0
276,UUCAGAUGGUGCGCCACUG,53.91498881,0
277,GCCACUGACACCCACAGGU,42.8038777,0
278,CACAGGUGGGUCCUCUUGU,54.43698732,0
279,CUCUUGUAACCGCUUGAAA,66.07009694,0
280,UCUUGUAACCGCUUGAAAU,41.68530947,0
281,GUAACCGCUUGAAAUCCCG,36.5398956,0
282,GGAGCCGAUGUAGCCACCC,56.67412379,0
283,AGCCGAUGUAGCCACCCCG,59.50782998,0
284,GAUGUAGCCACCCCGCAUG,49.5152871,0
285,GCAUGGAGCGCUGCACGUU,54.36241611,0
286,UUCUGCUCAAACAGCCGCC,42.87844892,0
287,AACAGCCGCCGGUUGUUCU,54.36241611,0
288,AGCCGCCGGUUGUUCUGCA,49.58985831,0
289,GCCGCCGGUUGUUCUGCAG,52.19985086,0
290,UGUUCUGCAGGACCUCUGC,47.87472036,0
291,UUCUGCAGGACCUCUGCGG,49.96271439,0
292,CUGCAGGACCUCUGCGGCC,50.4847129,0
293,UGCAGGACCUCUGCGGCCU,51.23042506,0
294,UCUGCGGCCUCCUUGUUCA,50.85756898,0
295,CUGCGGCCUCCUUGUUCAG,48.84414616,0
296,CUCCUUGUUCAGUGGGUCC,52.94556301,0
297,CAGUGGGUCCUCGGGGUUG,53.16927666,0
298,CUCGGGGUUGGGCUCCAAG,51.901566,0
299,GGGGUUGGGCUCCAAGAAG,54.28784489,0
300,GGGUUGGGCUCCAAGAAGA,58.1655481,0
301,GUUGGGCUCCAAGAAGAGA,48.02386279,0
302,UUGGGCUCCAAGAAGAGAU,42.50559284,0
303,AGAAGAGAUACUGCAGGCC,40.19388516,0
304,UACUGCAGGCCAUAAAUUA,50.03728561,0
305,GGCCAUAAAUUAUGGAGUU,62.93810589,0
306,AAAUUAUGGAGUUUAUCGU,38.70246085,0
307,UGGAGUUUAUCGUAAGGAC,42.8038777,0
308,GGAGUUUAUCGUAAGGACU,54.8098434,0
309,GUUUAUCGUAAGGACUGGC,48.91871738,0
310,AGGACUGGCUUCCAGUCCU,59.65697241,0
311,AGGAUGUUGAGGCAGACGU,40.04474273,0
312,UUGAGGCAGACGUUGCCCU,40.71588367,0
313,CGAGGUCAAUGUUGGGGUG,53.39299031,0
314,GAGGUCAAUGUUGGGGUGA,51.23042506,0
315,AAUGUUGGGGUGAUAGACC,40.56674124,0
316,UGUUGGGGUGAUAGACCAU,46.83072334,0
317,UUGGGGUGAUAGACCAUUG,35.79418345,0
318,GGGGUGAUAGACCAUUGUC,53.91498881,0
319,UAGACCAUUGUCUCACACU,31.31991051,0
320,CAUUGUCUCACACUUCACC,39.07531693,0
321,CAUGCGGGUAACCCUGGCC,44.96644295,0
322,AUGCGGGUAACCCUGGCCC,40.8650261,0
323,GCGGGUAACCCUGGCCCAC,57.94183445,0
324,GUAACCCUGGCCCACCUUA,47.87472036,0
325,GCCCACCUUAAAACUGAAC,59.80611484,0
326,CCUUAAAACUGAACACAAA,61.89410887,0
327,ACACAAACUUCCCACUCUU,36.5398956,0
328,AAACUUCCCACUCUUGUAG,34.89932886,0
329,ACUUCCCACUCUUGUAGAA,48.62043251,0
330,CUUCCCACUCUUGUAGAAG,43.40044743,0
331,UCUUGUAGAAGCCCUCAUC,38.32960477,0
332,UGUAGAAGCCCUCAUCAGG,41.90902312,0
333,UAGAAGCCCUCAUCAGGAC,40.11931394,0
334,CCCUCAUCAGGACAGAUGA,57.12155108,0
335,CCUCAUCAGGACAGAUGAC,56.07755406,0
336,CAUCAGGACAGAUGACCAG,42.8038777,0
337,ACAGAUGACCAGCUUGAAG,42.58016406,0
338,GUCGUCUGGAUCUGAGAAG,51.08128262,0
339,GUCUGGAUCUGAGAAGCUG,40.8650261,0
340,GAUCUGAGAAGCUGAUAUC,54.88441462,0
341,UCUGAGAAGCUGAUAUCAC,47.5764355,0
342,GUCUUGGGCAGGUUCAGCU,46.45786726,0
343,CUUGGGCAGGUUCAGCUCG,46.38329605,0
344,UUGGGCAGGUUCAGCUCGU,50.78299776,0
345,CGUUUAUGUCCUUCUGGAU,57.94183445,0
346,GAUCCGCAGCUGCGCCGCC,46.53243848,0
347,AUCCGCAGCUGCGCCGCCG,47.87472036,0
348,AGCUGCGCCGCCGACGCCU,61.44668158,0
349,CCGACGCCUUCUUGCUGCU,60.47725578,0
350,GACGCCUUCUUGCUGCUGC,54.51155854,0
351,CGCCUUCUUGCUGCUGCCC,56.07755406,0
352,GCUGCCCUUGGUGCCGCCC,51.60328113,0
353,UUGGUGCCGCCCGCCGACU,45.11558538,0
354,UGGUGCCGCCCGCCGACUC,60.47725578,0
355,UGCCGCCCGCCGACUCCUC,55.33184191,0
356,CCCGCCGACUCCUCCUCCU,68.90380313,0
357,GACUCCUCCUCCUUCUUCU,55.70469799,0
358,ACUGGAAGUCUGUGUCCGU,36.09246831,0
359,GUCUGUGUCCGUGAGGGCG,55.92841163,0
360,CUCAUCUUGGGAUGAGGAU,59.88068606,0
361,GGGGCUCAUCCCCUGAGCU,67.93437733,0
362,CCUGAGCUCCCAGGAGCCC,72.93064877,0
363,CUCCCAGGAGCCCCAUCCC,67.71066368,0
364,CAUCCCCGUCCACCUCUGA,78.00149142,0
365,UCUGAGUCCUGCAGCACCU,53.91498881,0
366,AUUUCGCAGAUUUGGGGAC,38.85160328,0
367,UUGCUUCUGGGGUCCACAG,43.7733035,0
368,UCUUGUAGUUGUGGGCACU,39.07531693,0
369,CACUGAGGUAUUUGAAGUG,58.98583147,0
370,CAGACGUGGCAGAGACAGA,49.06785981,0
371,ACAUAGACGUGGGAGCUAG,50.26099925,0
372,AUAGACGUGGGAGCUAGGA,40.56674124,0
373,ACGUGGGAGCUAGGAACCC,56.82326622,0
374,CAGAAGAGGCAGAGGAUGG,60.32811335,0
375,CUUCUUGUCCAGCUUGGCC,51.52870992,0
376,UGUCCAGCUUGGCCGGCAG,51.37956749,0
377,CUACCAGGUGCUUCAGCAG,44.07158837,0
378,UACCAGGUGCUUCAGCAGC,38.55331842,0
379,AUGACCACCGUGAAGACGC,43.40044743,0
380,GCGUAGGCUGCGCCAAACU,54.58612975,0
381,UGAUGCCGCUUCACGUUGC,46.01043997,0
382,GCUUCACGUUGCGCCUCUC,57.64354959,0
383,UUGCGCCUCUCGGCGGCCG,45.63758389,0
384,GGAUCAUGUACAUGAGCAG,63.4601044,0
385,UCAUGUACAUGAGCAGGCC,46.38329605,0
386,AGCAGGUCCAUGGCGUUGC,46.97986577,0
387,UCCAUGGCGUUGCCGAUAA,53.24384787,0
388,GAAAGUGUAGCACUUGUGC,37.65846383,0
389,AAAGUGUAGCACUUGUGCA,26.09992543,0
390,GGAGGGCCGAGAAGCACCA,51.4541387,0
391,GGUGGGGAAGAACUGGGUG,58.1655481,0
392,UCCAUGGUGGUGAUGAUGA,40.93959732,0
393,CCAUGGUGGUGAUGAUGAU,55.63012677,0
394,AUGAUGAUGGCUGGAGUGG,42.28187919,0
395,GAUGAUGGCUGGAGUGGUG,47.65100671,0
396,UGGUGAGGAAGAAGAGGAG,49.29157345,0
397,AGGAGGAUGAAGAGGACGA,58.38926174,0
398,AGAUGAAGCCUCGGAUGGA,51.30499627,0
399,GGCGUGGCUCCCCACGGCA,53.24384787,0
400,AUUUACACACGUUGAAGUC,24.23564504,0
401,CACGUUGAAGUCCUUCAGG,36.98732289,0
402,AUAGUCUCAUUGUGGAAGG,46.08501119,0
403,UUGUGGAAGGUGACAAAGG,44.66815809,0
404,UCAAUGGCCUCCACCUGCU,42.43102163,0
405,CCACCUGCUCACAGCCUCG,68.53094705,0
406,UGAUCAUGGUAGGCACGUU,40.26845638,0
407,GGAGGUUUGUGAAGUACAG,57.1961223,0
408,CUCGGCCUUCUUCCUCUCU,63.16181954,0
409,CUUCUUCCUCUCUGCAUCG,57.94183445,0
410,AUCGAGGAACAUUAGGCGA,41.90902312,0
411,CGAGCCACGUUGUAACACG,31.69276659,0
412,AGCCACGUUGUAACACGGG,43.47501864,0
413,UGUGCAGUUGGGGUAGGCU,47.27815063,0
414,CAAAAUGCUUCUUGAUCUU,53.98956003,0
415,GCAUAUUUGGAGAUUCCAU,41.31245339,0
416,GAUCAUCCUCCUUGUAGCG,40.8650261,0
417,UGGAGGUGUGUCUACGCAU,42.72930649,0
418,GACGGUGAGCAGCAGAUAC,51.23042506,0
419,GUUGUUCCCUGAUUUCAAG,46.97986577,0
420,AUGGUGGUUCUCCCAAAGC,43.47501864,0
421,GUUCUCCCAAAGCUGUAGG,38.9261745,0
422,GCACGAUGCCUACGGAGAG,43.47501864,0
423,CAGCAGCCCGAUGAUGUGC,47.87472036,0
424,AAGGACAGGUAGUGCACGG,35.27218494,0
425,GUCCCGGAUCUCAUCAUCC,33.40790455,0
426,CGGAUCUCAUCAUCCUUUA,81.58090977,0
427,UGUCCCUUUGGUCAAAGUC,33.25876212,0
428,UUGGUCAAAGUCAACGGAG,26.47278151,0
429,AGUCAACGGAGCUGGAGAC,48.17300522,0
430,CUGGAGACAGAGGUGAGAC,33.92990306,0
431,UGAGACGCUCAUACCGGUC,26.17449664,0
432,UCAUACCGGUCAUGGCUGU,57.94183445,0
433,GGCUGUCCCCGUGCAUAGC,45.41387025,0
434,GGAAGUCUGUGUCCGUGAG,53.98956003,0
435,GUGAGGGCGUCGGGUGGCA,90.52945563,0
436,CGUCGGGUGGCAUCAGCAA,70.39522744,0
437,AACUCCUCAUCUUGGGAUG,60.47725578,0
438,AUCCCCUGAGCUCCCAGGA,61.22296793,0
439,GUCCUGCAGCACCUGAGCG,65.54809843,0
440,CCUGAGCGAUGUAUUUCGC,70.02237136,0
441,AGCGAUGUAUUUCGCAGAU,62.34153617,0
442,UUCUGGGGUCCACAGUAUC,44.96644295,0
443,AGUUGUGGGCACUGAGGUA,61.74496644,0
444,UGACGAUGGUGAUGACCAG,50.03728561,0
445,CGUGCGCAUGGUGGAAAAG,100,0
446,GCGCAUGGUGGAAAAGAAG,70.39522744,0
447,GAGGAUGGGCGCGGCCACC,63.16181954,0
448,GGAUGGGCGCGGCCACCAC,65.47352722,0
449,GGCGCGGCCACCACCUGGU,57.04697987,0
450,GCAGGUAGGCGUAGUAGAG,57.94183445,0
451,ACGAUGAUGGGGCAGGUGA,45.56301268,0
452,GGUGAUACUGUAGGUCAUG,56.07755406,0
453,GUGAUACUGUAGGUCAUGA,55.10812826,0
454,ACAUCAUCCAGGCGUAGGC,46.08501119,0
455,CCGCUUCACGUUGCGCCUC,55.63012677,0
456,CGCUUCACGUUGCGCCUCU,73.37807606,0
457,ACGUUGCGCCUCUCGGCGG,83.74347502,0
458,GCAGAGCCGGAUCAUGUAC,65.10067114,0
459,GAUCAUGUACAUGAGCAGG,45.48844146,0
460,AUGUACAUGAGCAGGCCUG,46.23415362,0
461,UGAGCAGGCCUGGGAUGCG,44.14615958,0
462,GCAGCAGGUCCAUGGCGUU,79.71662938,0
463,CCAUGGCGUUGCCGAUAAA,72.63236391,0
464,ACCAUGAAGAUGAGGAAAG,45.78672632,0
465,CUUGUGCAUGGUUGUCCUG,54.13870246,0
466,AUGGUUGUCCUGUUCUCCC,50.85756898,0
467,UUGUCCUGUUCUCCCCAGA,49.29157345,0
468,CCUGUUCUCCCCAGAGCGU,63.98210291,0
469,AGCACCACAGCAGCAGGGU,56.37583893,0
470,AGAACUGGGUGAUGAUGGG,48.76957494,0
471,AACUUGUCCAUGGUGGUGA,49.5152871,0
472,GUGGUGAUGAUGAUGGCUG,44.59358688,0
473,AAGAAGAGGAGGAUGAAGA,56.45041014,0
474,UGAAGAGGACGACAUUGAU,63.31096197,0
475,GACGACAUUGAUGACCAGG,54.95898583,0
476,UGAUGACCAGGCAGCGCAG,50.70842655,0
477,GCAGCGCAGCCACCAGAUG,78.15063386,0
478,CACCAGAUGAAGCCUCGGA,78.22520507,0
479,UGUGCAGGGACUCGCUGCA,80.68605518,0
480,CAGCCCUGGCAUUUACACA,50.18642804,0
481,GCCCUGGCAUUUACACACG,61.14839672,0
482,UGUGGAAGGUGACAAAGGC,45.93586875,0
483,CCAAGAGGCUUCUCAUUCA,70.54436987,0
484,CAAGAGGCUUCUCAUUCAC,48.32214765,0
485,UCCUUCUCCCGCUUGUAGU,46.30872483,0
486,CUCCAGCUUUGUGUAGUAC,56.45041014,0
487,GGGGUUGAUCAUGGUAGGC,70.46979866,0
488,UGGUAGGCACGUUCUCCUU,47.65100671,0
489,GGGUAGGCUUCCUCAAAAU,79.26920209,0
490,GUAGGCUUCCUCAAAAUGC,34.89932886,0
491,GAUUCCAUUGAUGAAGAGG,44.89187174,0
492,CCGCUUCACCAGAUCAUCC,52.34899329,0
493,UUCACCAGAUCAUCCUCCU,42.28187919,0
494,GAGCAGCAGAUACAGGAAG,43.47501864,0
495,UUGUUCCCUGAUUUCAAGU,74.34750186,0
496,CAAGUUGGCAAUGGUGGUU,74.4966443,0
497,GGCAAUGGUGGUUCUCCCA,67.33780761,0
498,GAGAAGUUGACAGGCAGCA,54.88441462,0
499,AGAGGACGCCCACAACCAC,60.1043997,0
500,GAUGUGCCGCUGAAAGGAC,51.4541387,0
501,ACCAUUGUCCCUUUGGUCA,47.1290082,0
502,GUCAAAGUCAACGGAGCUG,37.06189411,0
503,CAGCACACGAAUCAAGGAA,83.51976137,0
504,AGCCAGCAGGGCAAUCCAG,52.49813572,0
505,UAAUGUCUCAUAAUAGGUU,50.55928412,0
506,CUCCACAGAGCAACAGCGU,54.73527218,0
507,CUCAGGCUUAUGGAAGUGC,41.31245339,0
508,GCUGGGAUGUGAGCAGCUC,68.23266219,0
509,CACAUACUCCACCAGCCAU,46.38329605,0
510,GUAAGCUUCCCCAAGUUCU,34.22818792,0
511,CUUCCCCAAGUUCUGGCAC,68.7546607,0
512,UGUCUCACCCAAUUCUCCU,47.42729306,0
513,UCUUGCUUGGUACGAUCAG,59.20954512,0
514,UAAUCGACGGCAUUGAAAG,42.72930649,0
515,CGACGGCAUUGAAAGACAG,64.65324385,0
516,UCCCCGAUGUUCUGGAUGU,66.89038031,0
517,GAAUCAGGGAGAUCCUCAG,54.8098434,0
518,GGGACCAUAAGGCUGAUUU,68.7546607,0
519,ACCAUAAGGCUGAUUUCCC,54.43698732,0
520,UUAUUGCGGCAUUCCUUCA,42.05816555,0
521,ACAGUUUGGGCUGGCGGAU,69.50037286,0
522,UGGAUGUACUUCUCCCUCU,39.82102908,0
523,CACUUGUUGCUGGCUGGCC,45.04101417,0
524,CCUUGUCCAAUCUUCAUGU,47.42729306,0
525,GAAUUGCAGUAUGGUCAAU,65.77181208,0
526,GAUGUACGGAGAGUAGGUG,59.20954512,0
527,GUAGGUGUCCGAACAUUCA,63.4601044,0
528,UUAUUUUGUUGUCAAUGAA,27.06935123,0
529,UGAAAGAUGCAAACAUCUG,43.84787472,0
530,AGAUGCAAACAUCUGGGUC,46.38329605,0
531,CUUGAGAGGAAGGGCAGGU,60.32811335,0
532,GUUUUGCAUUUGCUCCCUG,49.36614467,0
533,UUUGCAUUUGCUCCCUGUU,63.31096197,0
534,UAUCCUGGCUGGGUUGGAU,61.37211037,0
535,GUAAAUCCUGAGUUCUUCU,66.66666667,0
536,UUUCCAGGCUCACCCCAGU,72.33407905,0
537,UUCCAGGCUCACCCCAGUU,56.45041014,0
538,CAAGGCUUGCAGCCGGGCA,57.94183445,0
539,CGUAGGAAUGCAAAGGGGA,66.66666667,0
540,GGCCCGCAGCCUCUUCAGC,72.1103654,0
541,UUCAGCUUGGAGGCACUCU,50.11185682,0
542,GUUGGGGAACUGUGGCAAG,62.26696495,0
543,GGCAAGUCCUCUGGCAACU,46.53243848,0
544,CACAAAGCAGAGGUUAGCC,47.65100671,0
545,CAGAGGUUAGCCUCUUGAG,60.99925429,0
546,AGUCAUCAGUCUCUGGUAA,78.52348993,0
547,UGGCCCAUAGACCCCAGAA,52.8709918,0
548,AGGAGGUGGGAGCGGCACC,70.91722595,0
549,UGCCUGGUGGAGUUGCUCC,53.69127517,0
550,UCCAGCACGCUCCGACAUG,54.66070097,0
551,UGCACUUAGAGACGUAGAG,49.06785981,0
552,UGUGAGGGCAAACCCAAAU,46.1595824,0
553,UGUGAUAAUAAAGGCAUGG,45.93586875,0
554,AAGGCAUGGAAUUGGGGCU,57.04697987,0
555,CUGGGAUCAGCCUGGGUCU,43.99701715,0
556,CCUACUGCAUCUUGGUCAA,56.82326622,0
557,AAAAUUUUCUCCUUCAGUC,32.28933632,0
558,AAGGGCUGGCACCAUCCCU,37.58389262,0
559,CCAUCCCUGGCUUUAGAAG,65.398956,0
560,ACUGGCAUAAUGCCGACAG,45.56301268,0
561,GUGAUGUUGAACUCCUGCA,53.39299031,0
562,AAUGUCUGCAGCACACGAA,70.02237136,0
563,GAGGUGAUCUCUGGCUCCC,62.93810589,0
564,AUCGGCAGAAGUUCCGGGC,47.1290082,0
565,AGUGCUUCACAAUGCCAUU,54.88441462,0
566,GACUGCUGCAGCGGCGGGG,53.91498881,0
567,UCCGGCAUGGCCUCUCAUC,53.02013423,0
568,AUGGCCUCUCAUCCACCUC,44.51901566,0
569,CAGCUCCCCAACUAGGAUC,50.33557047,0
570,GCUUCCAUCAUCCAUGCCC,59.43325876,0
571,UCCACCAGCCAUUUGGCAU,48.17300522,0
572,AUCCAUGGGUUGGCAGUGA,56.89783743,0
573,AAUCGACGGCAUUGAAAGA,60.70096943,0
574,GAAAGACAGGAGGUGAUAG,52.94556301,0
575,GGAUGUGCCUCAUAUCCUG,65.17524236,0
576,GGAGGCAUGAGUGAGCUGG,51.97613721,0
577,CCUACGUUCUGAAUCAAGA,78.29977629,0
578,UUUCUCUGCCGGUUGUCCU,50.03728561,0
579,AACAGGUGGGACCAUAAGG,53.39299031,0
580,GAUCCUUUCCAGGAGAUCA,67.11409396,0
581,UUUCCAGGAGAUCACAAAG,50.93214019,0
582,AGGAGAUCACAAAGGCUGG,64.87695749,0
583,GAUCACAAAGGCUGGCAAU,63.83296048,0
584,UCUUGGUCUUAUUGCGGCA,48.32214765,0
585,GAUGUACUUCUCCCUCUGG,74.27293065,0
586,CUCUGGUCAUUAUCUAAAC,61.67039523,0
587,CAGUGGAAAGUACAUCAGA,64.28038777,0
588,AUUCAACAGCCUGAUCUUG,58.46383296,0
589,GGUCUCCAGGAAUCUUGAG,51.82699478,0
590,GCUUUAUCAAAGUUUUGCA,65.69724087,0
591,GGAUGACAAACGCCUCAUA,66.51752424,0
592,GCCUCAUAAUCUGCAAACA,71.29008203,0
593,UGCAAACAUCUGAGUGAAA,68.38180462,0
594,AACUUCCCGGAUCUGAAUG,44.29530201,0
595,UUCUUCUUCAUCACACUGA,43.92244594,0
596,ACUUUGAGAUCCUUAUUGC,50.63385533,0
597,UCCUUAUUGCUGCUGGGGU,51.60328113,0
598,ACGCACUUCCAACUUUUCC,54.66070097,0
599,CUUAAGAAGCUCGUAGGAA,55.40641312,0
600,UUAAGAAGCUCGUAGGAAU,51.23042506,0
601,GAAGCUCGUAGGAAUGCAA,62.11782252,0
602,AGCCAGCAAUGUUCCCAUU,67.48695004,0
603,GCCAGCAAUGUUCCCAUUC,66.21923937,0
604,GCAAUGUUCCCAUUCCUCU,60.02982849,0
605,CAAUGUUCCCAUUCCUCUU,62.71439224,0
606,GCCCGCAGCCUCUUCAGCU,59.06040268,0
607,CCAAUUUGUUGGGGAACUG,49.36614467,0
608,CAAUGAAGUGGUUGUCAAU,63.68381805,0
609,AGCUUUGACCGGUCAUCCA,49.5152871,0
610,AUCUAAGAAAUGCAGGAGA,61.74496644,0
611,UUUGACAGGAAAGUCAAAU,59.95525727,0
612,UAUUGGCCCAUAGACCCCA,50.26099925,0
613,CCAGGAGGUGGGAGCGGCA,81.43176734,0
614,UGUAUAUGUAGCUCUCAAG,44.66815809,0
615,CAUAGGAGUUGAAGCGCUG,62.78896346,0
616,UGCAGUUUGGUCACAGGAG,39.97017151,0
617,CAGGAGUGUCUUCACCAUC,38.18046234,0
618,ACUCAGCAUUGUGCAUGUG,48.098434,0
619,AUUGUGCAUGUGGUAGAGG,49.06785981,0
620,GCAUUGCACUGCAGAUCUG,58.01640567,0
621,CUUGCUAGUCACCUCUUCA,48.84414616,0
622,AUGUGAGGGCAAACCCAAA,45.26472782,0
623,AUGUCCGAGAGCCAUCCUC,58.31469053,0
624,GGCUCCCUGGGAUCAGCCU,57.1961223,0
625,UGGGUCUUGAAUGCCAGCC,43.47501864,0
626,AUUUGAAUGUUCUUCUCAA,59.20954512,0
627,CAUAAUGCCGACAGCUCGU,59.65697241,0
628,CGGUCUCCGUGUCCAGUCC,54.95898583,0
629,AGAGUAUUCUUCAGCUAGG,52.34899329,0
630,AGUAUUCUUCAGCUAGGUC,24.23564504,0
631,AUUCUUCAGCUAGGUCAGC,47.72557793,0
632,CUUCAGCUAGGUCAGCCCG,54.28784489,0
633,UCAGCUAGGUCAGCCCGAA,63.4601044,0
634,UAGGUCAGCCCGAAGCGGG,53.54213274,0
635,GGUCAGCCCGAAGCGGGUG,55.25727069,0
636,UCAGCCCGAAGCGGGUGCU,71.96122297,0
637,GCCCGAAGCGGGUGCUCAG,61.44668158,0
638,CGAAGCGGGUGCUCAGGCU,65.47352722,0
639,GAAGCGGGUGCUCAGGCUG,72.33407905,0
640,GUCAUUCACCAGUGCUAUG,39.67188665,0
641,UCAUUCACCAGUGCUAUGA,42.20730798,0
642,CAUUCACCAGUGCUAUGAG,42.50559284,0
643,GAGGGACUGGAUUACUUGG,54.21327368,0
644,AGGGACUGGAUUACUUGGU,34.89932886,0
645,CUGGAUUACUUGGUCGGUU,50.33557047,0
646,GAUUACUUGGUCGGUUUUG,58.09097688,0
647,AUUACUUGGUCGGUUUUGG,36.91275168,0
648,ACUUGGUCGGUUUUGGUUG,35.12304251,0
649,UGGUCGGUUUUGGUUGCUG,55.25727069,0
650,CGGUUUUGGUUGCUGGCUU,68.90380313,0
651,GUUUUGGUUGCUGGCUUCC,45.56301268,0
652,UGGUUGCUGGCUUCCAGUU,46.45786726,0
653,UUUCGGCACUAAUUACUGG,38.25503356,0
654,CACUAAUUACUGGCAGACA,61.44668158,0
655,ACUAAUUACUGGCAGACAG,60.85011186,0
656,UAAUUACUGGCAGACAGAC,32.14019389,0
657,AAUUACUGGCAGACAGACC,44.59358688,0
658,UACUGGCAGACAGACCUGC,60.70096943,0
659,CCUGCCCCUUUUCGUCGAU,76.13721104,0
660,UGCCCCUUUUCGUCGAUGU,51.901566,0
661,CCUUUUCGUCGAUGUUUGG,55.70469799,0
662,CGUCGAUGUUUGGGUGAUA,57.49440716,0
663,AUGUUUGGGUGAUAGAUCU,45.48844146,0
664,UUUGGGUGAUAGAUCUUUG,38.25503356,0
665,GGGUGAUAGAUCUUUGUUU,62.63982103,0
666,AUAGAUCUUUGUUUUAAAU,51.15585384,0
667,UUUUAAAUGUGAUCUUCGG,37.80760626,0
668,UGAUCUUCGGUGGUUUGAA,50.85756898,0
669,UCGGUGGUUUGAAUGGGUA,46.45786726,0
670,UUGAAUGGGUACUCUGCUG,32.88590604,0
671,UCUGAAGGCUCCCUUAUCA,18.04623415,0
672,CUCCCUUAUCAUAUGGAGG,39.44817301,0
673,AUAUGGAGGGUUGUCAGGA,48.02386279,0
674,GGAACAAUAAGCCCUUGCC,40.79045488,0
675,UAAGCCCUUGCCAAGUCAA,53.8404176,0
676,AAGCCCUUGCCAAGUCAAU,56.2266965,0
677,AGCCCUUGCCAAGUCAAUA,43.84787472,0
678,GCCAAGUCAAUAAAUUAGC,65.54809843,0
679,AAUUAGCUUCAUCAACCUG,27.8896346,0
680,UUAGCUUCAUCAACCUGGA,16.85309471,0
681,AUCAACCUGGAUGUUACGG,54.21327368,0
682,UUUGGCAGUAAAUCGUGUA,30.72334079,0
683,GGCAGUAAAUCGUGUAGGC,49.44071588,0
684,UAAAUCGUGUAGGCCUCUG,37.5093214,0
685,GUAGGCCUCUGCUUGAGCU,33.25876212,0
686,CUGCUUGAGCUGGGUCUUG,43.47501864,0
687,UGGGUCUUGGAUAUUUGGU,37.43475019,0
688,GGGUCUUGGAUAUUUGGUU,63.53467562,0
689,UAUUUGGUUCAUUUAGAAG,33.78076063,0
690,CAUUUAGAAGUUCCUGUAU,61.14839672,0
691,AGUUCCUGUAUUCCUAAUA,46.38329605,0
692,UGUAUUCCUAAUAGGAUCU,32.58762118,0
693,GUAUUCCUAAUAGGAUCUG,44.51901566,0
694,UAGGAUCUGUUUGAUUGUG,34.82475764,0
695,CUGUUUGAUUGUGAUGGCU,55.18269948,0
696,GUUUGAUUGUGAUGGCUGG,58.24011931,0
697,UGGCCUCCAGUCCUUGUCC,35.94332588,0
698,UCCAGUCCUUGUCCUCCUC,47.42729306,0
699,UCUAAGAUGGACAGGCACA,43.32587621,0
700,AAGAUGGACAGGCACACUG,40.26845638,0
701,AGAUGGACAGGCACACUGU,55.85384042,0
702,GGACAGGCACACUGUCCCC,64.35495899,0
703,GGCACACUGUCCCCGAAGG,61.89410887,0
704,UCCCCGAAGGGUACACAUU,55.55555556,0
705,CCCGAAGGGUACACAUUCG,66.3683818,0
706,GGGUACACAUUCGGGUGAA,63.01267711,0
707,UACACAUUCGGGUGAAAUA,41.16331096,0
708,AUUCGGGUGAAAUAAUGGU,34.1536167,0
709,GAAAUAAUGGUGGUUCGAA,55.92841163,0
710,AAAUAAUGGUGGUUCGAAU,39.59731544,0
711,AAUGGUGGUUCGAAUUUAC,33.48247576,0
712,UGGUGGUUCGAAUUUACAU,44.07158837,0
713,GUGGUUCGAAUUUACAUUU,59.80611484,0
714,UUCGAAUUUACAUUUUGGU,35.5704698,0
715,UGGCGAAGAUGGAUAAUCA,56.00298285,0
716,CGAAGAUGGAUAAUCAUCU,60.70096943,0
717,AUGGAUAAUCAUCUUUGAA,51.37956749,0
718,CAUCUUUGAAAAGCAUCCG,34.89932886,0
719,AAAAGCAUCCGUAGUUUAA,62.56524981,0
720,AGCAUCCGUAGUUUAAACA,49.21700224,0
721,AUCCGUAGUUUAAACAAGC,31.2453393,0
722,CGUAGUUUAAACAAGCCUC,45.41387025,0
723,GUAGUUUAAACAAGCCUCC,38.4787472,0
724,UAAACAAGCCUCCUUCCCA,41.8344519,0
725,CAAGCCUCCUUCCCACGGA,60.92468307,0
726,UCCUUCCCACGGAGUCCCU,46.23415362,0
727,UUCCCACGGAGUCCCUUUC,33.40790455,0
728,UCCCACGGAGUCCCUUUCU,52.94556301,0
729,CCCACGGAGUCCCUUUCUU,65.99552573,0
730,CACGGAGUCCCUUUCUUUC,60.40268456,0
731,GAGUCCCUUUCUUUCCUGG,59.06040268,0
732,UCCCUUUCUUUCCUGGAAU,37.43475019,0
733,UUCCUGGAAUGGCGCACUC,45.86129754,0
734,GCACUCCCAGUUCAUGAGG,46.1595824,0
735,CACUCCCAGUUCAUGAGGU,56.15212528,0
736,ACUCCCAGUUCAUGAGGUU,74.27293065,0
737,CAGUUCAUGAGGUUCAUCG,41.68530947,0
738,UUCAUGAGGUUCAUCGUGC,37.06189411,0
739,AGGUUCAUCGUGCCAUCGG,39.00074571,0
740,GGUUCAUCGUGCCAUCGGG,58.98583147,0
741,GUUCAUCGUGCCAUCGGGA,63.60924683,0
742,GACAGCCACGAAACCAAAU,61.5212528,0
743,GCCACGAAACCAAAUGGGU,57.56897837,0
744,CCACGAAACCAAAUGGGUG,36.31618195,0
745,GAAACCAAAUGGGUGGUCU,40.49217002,0
746,UUCUUAUCGCGCUCGCCAG,38.55331842,0
747,UUAUCGCGCUCGCCAGCAU,46.83072334,0
748,GCCAGCAUGCUUCUUGGCC,57.34526473,0
749,GCCAUGGGACCCUCAGCCC,65.92095451,0
750,CCAUGGGACCCUCAGCCCC,68.08351976,0
751,AUGGGACCCUCAGCCCCUC,66.44295302,0
752,GGCCCCAGGGUCGGUGGAG,67.18866518,0
753,AGGGUCGGUGGAGGAAGCU,63.16181954,0
754,GUGGAGGAAGCUUCAGUGC,56.37583893,0
755,AAGCUUCAGUGCCACUGGC,56.82326622,0
756,GUGCCACUGGCCAGGGCCC,67.93437733,0
757,ACUGGCCAGGGCCCGACCG,69.05294556,0
758,GGCCAGGGCCCGACCGGCU,67.93437733,0
759,GCCCGACCGGCUUCGGCCC,72.85607755,0
760,CCCGACCGGCUUCGGCCCU,63.38553318,0
761,UUCGGCCCUGCCGCUGGGC,68.68008949,0
762,CGUGGAUCUCUGUGAGCAG,59.1349739,0
763,AUCUCUGUGAGCAGACGGG,47.72557793,0
764,GUGAGCAGACGGGCCCGAG,58.98583147,0
765,ACGGGCCCGAGCUGCAUAC,64.95152871,0
766,CGGGCCCGAGCUGCAUACU,62.86353468,0
767,GGGCCCGAGCUGCAUACUC,60.17897092,0
768,CCCGAGCUGCAUACUCCUC,57.71812081,0
769,CUGCAUACUCCUCGUAGUU,70.1715138,0
770,AUACUCCUCGUAGUUCUCC,58.01640567,0
771,UCGUAGUUCUCCAAGAGCA,41.98359433,0
772,GUAGUUCUCCAAGAGCAGG,47.27815063,0
773,UAGUUCUCCAAGAGCAGGC,43.32587621,0
774,UCUCCAAGAGCAGGCGGCC,48.24757644,0
775,AGGCGGCCCGCCUCCUCGU,66.96495153,0
776,CCGCCUCCUCGUUGAGUGC,63.83296048,0
777,CCUCGUUGAGUGCAGACUC,46.68158091,0
778,CUCGUUGAGUGCAGACUCG,47.35272185,0
779,GAGUGCAGACUCGGGGUUA,70.54436987,0
780,GACUCGGGGUUAGGGUGGA,70.61894109,0
781,GGGUGGAUCAGCAGGCACU,58.46383296,0
782,GUGGAUCAGCAGGCACUUG,52.64727815,0
783,GAUGGUCAGCAGUACGUGU,55.7792692,0
784,AUGGUCAGCAGUACGUGUC,36.24161074,0
785,GGAUGCCCAGCUCAGCCGU,60.99925429,0
786,CCUCUUGAGCACGUUGACG,52.94556301,0
787,UCUUGAGCACGUUGACGCA,44.44444444,0
788,CUUGAGCACGUUGACGCAG,49.44071588,0
789,GUUGACGCAGAUCUCGCCA,36.16703952,0
790,UCUCGCCAUUGGCGCCCAC,59.43325876,0
791,CAUUGGCGCCCACGUUCGG,66.51752424,0
792,CCACGUUCGGGUGGAAGAU,76.4354959,0
793,CGUUCGGGUGGAAGAUCUU,54.95898583,0
794,UCUUGGUCAGGAAGUAGCC,31.61819538,0
795,AGGAAGUAGCCCUUGGGUG,39.22445936,0
796,GGAAGUAGCCCUUGGGUGG,59.20954512,0
797,AGUAGCCCUUGGGUGGGGA,63.53467562,0
798,AGCCCUUGGGUGGGGAGGC,65.47352722,0
799,GGGGAGGCAGGGAAGUCCU,58.83668904,0
800,CAGGGAAGUCCUUCCCCAG,69.87322893,0
801,AGGGAAGUCCUUCCCCAGC,59.80611484,0
802,UUCCCCAGCAGGAGUUUCA,59.73154362,0
803,GAGUUUCAUGCGGAACAGA,68.45637584,0
804,CAUGCGGAACAGACCUCCA,56.37583893,0
805,GACCUCCAGCAUAUGGGGU,62.78896346,0
806,CCAGCAUAUGGGGUCCCCU,72.78150634,0
807,CAUAUGGGGUCCCCUCAGG,81.20805369,0
808,AUAUGGGGUCCCCUCAGGG,65.32438479,0
809,GGGUCCCCUCAGGGCCCUC,66.74123788,0
810,UCAGGGCCCUCGAUGGUGA,73.22893363,0
811,CAGGGCCCUCGAUGGUGAC,66.3683818,0
812,UGAGGUCCUCCUCGUUGGG,59.73154362,0
813,GAGGUCCUCCUCGUUGGGA,73.37807606,0
814,AGGUCCUCCUCGUUGGGAA,68.97837435,0
815,GUCCUCCUCGUUGGGAAAG,74.72035794,0
816,CCUCGUUGGGAAAGACCUU,60.47725578,0
817,UGGGAAAGACCUUGAUGCC,57.27069351,0
818,GGAAAGACCUUGAUGCCAU,57.86726324,0
819,GACCUUGAUGCCAUCGGGU,50.4847129,0
820,CCUUGAUGCCAUCGGGUGG,64.80238628,0
821,UGAUGCCAUCGGGUGGGUC,53.98956003,0
822,GCCAUCGGGUGGGUCUGCG,61.59582401,0
823,GGGUGGGUCUGCGGUCAGU,67.48695004,0
824,UGCGGUCAGUGUCGUCACC,33.85533184,0
825,UCCGAAUCGGAGGGUGAAC,54.43698732,0
826,CCGAAUCGGAGGGUGAACU,58.76211782,0
827,CGGAGGGUGAACUCUUCGG,53.31841909,0
828,GAGGGUGAACUCUUCGGCA,55.33184191,0
829,GGGUGAACUCUUCGGCAUU,61.5212528,0
830,CUUCGGCAUUCUUUCUGAA,56.97240865,0
831,AUUCUUUCUGAACAGCUCC,19.68680089,0
832,AACAGCUCCGGAUUCUGUG,27.06935123,0
833,ACAGCUCCGGAUUCUGUGU,36.31618195,0
834,AGCUCCGGAUUCUGUGUCA,59.1349739,0
835,GCUCCGGAUUCUGUGUCAG,40.64131245,0
836,GUCAGCAGGUCAGCGAGGU,56.30126771,0
837,GCAGGUCAGCGAGGUCCAU,67.33780761,0
838,AGGUCAGCGAGGUCCAUCC,39.97017151,0
839,GGUCAGCGAGGUCCAUCCG,46.60700969,0
840,AGCGAGGUCCAUCCGCAGG,39.00074571,0
841,GCGAGGUCCAUCCGCAGGG,55.48098434,0
842,GGUCCAUCCGCAGGGGCUC,58.31469053,0
843,CCAUCCGCAGGGGCUCCCU,55.18269948,0
844,GGGGCUCCCUGAUAUUCGG,62.71439224,0
845,UGAUAUUCGGUCUAUUCAC,32.96047726,0
846,CGGUCUAUUCACCAGCACA,56.00298285,0
847,CUAUUCACCAGCACAUUGA,48.47129008,0
848,GCACAUUGAGGGCCUCCAG,64.05667412,0
849,ACAUUGAGGGCCUCCAGGA,44.66815809,0
850,CCUCCAGGACUUGGCAAGU,76.28635347,0
851,UGGCAAGUCUUGGUGCAAG,33.1841909,0
852,UCUUGGUGCAAGGCUUCCA,42.05816555,0
853,UGGUGCAAGGCUUCCAGUU,41.98359433,0
854,CUUCCAGUUCUCACUGCUG,44.14615958,0
855,UCCAGUUCUCACUGCUGAU,38.18046234,0
856,CCAGUUCUCACUGCUGAUG,51.00671141,0
857,CAGUUCUCACUGCUGAUGA,54.28784489,0
858,UCUCACUGCUGAUGAUGGG,44.81730052,0
859,GAUGAUGGGCAGGCAAAUC,46.83072334,0
860,CUCGUCCACGUUGGGGUGG,49.58985831,0
861,UCGUCCACGUUGGGGUGGU,51.60328113,0
862,CGUCCACGUUGGGGUGGUA,72.1103654,0
863,UCCACGUUGGGGUGGUAGA,60.47725578,0
864,UGGGGUGGUAGAUCUUGGU,32.28933632,0
865,GGGGUGGUAGAUCUUGGUU,67.48695004,0
866,GUGGUAGAUCUUGGUUGUG,65.8463833,0
867,GUAGAUCUUGGUUGUGAAU,61.96868009,0
868,GAUCUUGGUUGUGAAUUUG,35.94332588,0
869,UUGUGAAUUUGAUCAUGGG,29.00820283,0
870,UUGAUCAUGGGAGGCUUGA,35.34675615,0
871,UGAUCAUGGGAGGCUUGAA,46.90529456,0
872,GGAGGCUUGAACGGAUACU,59.95525727,0
873,AGGCUUGAACGGAUACUCC,36.91275168,0
874,ACGGAUACUCCGGCGGGAA,67.93437733,0
875,CGGAUACUCCGGCGGGAAG,71.58836689,0
876,ACUCCGGCGGGAAGCUGAU,60.99925429,0
877,GGGAAGCUGAUGCGCAGGU,47.1290082,0
878,GGAAGCUGAUGCGCAGGUU,61.5212528,0
879,UGCGCAGGUUGAAGGCUUU,47.94929157,0
880,GUAGGGAGGUUGGUCGGGU,52.27442207,0
881,GGGAGGUUGGUCGGGUAGG,58.53840418,0
882,GAGGUUGGUCGGGUAGGAG,52.64727815,0
883,GGUUGGUCGGGUAGGAGGA,63.08724832,0
884,UUGGUCGGGUAGGAGGAGA,40.41759881,0
885,GUCGGGUAGGAGGAGAGCG,45.04101417,0
886,GGUAGGAGGAGAGCGUGCC,53.39299031,0
887,UAGGAGGAGAGCGUGCCAC,27.74049217,0
888,AGGAGAGCGUGCCACACCA,33.25876212,0
889,GAGCGUGCCACACCAGGAC,44.66815809,0
890,CAGGACAUUGGCAUCAUCG,27.59134974,0
891,AGGACAUUGGCAUCAUCGC,20.05965697,0
892,GGACAUUGGCAUCAUCGCU,34.89932886,0
893,GGCAUCAUCGCUGGACAGG,42.13273676,0
894,CGCUGGACAGGUUCCGCAG,43.251305,0
895,CUGGACAGGUUCCGCAGGU,44.96644295,0
896,ACAGGUUCCGCAGGUAUGG,34.1536167,0
897,AUUUCUCUUUGUGUUGGAU,48.47129008,0
898,UUCUCUUUGUGUUGGAUGA,30.64876957,0
899,CUCUUUGUGUUGGAUGACG,35.64504101,0
900,UUGUGUUGGAUGACGCCCU,20.13422819,0
901,CCCUUCUGAAUCAGAUCAG,45.41387025,0
902,UGAAUCAGAUCAGGGAUUU,39.59731544,0
903,UCAGGGAUUUCCACUGCCA,46.75615213,0
904,AGGGAUUUCCACUGCCAGC,63.83296048,0
905,ACUGCCAGCCAUGGACCCA,73.75093214,0
906,CUGCCAGCCAUGGACCCAG,54.88441462,0
907,UGGACCCAGCCCCAGAGCC,47.87472036,0
908,AGCCCCAGAGCCAUGAGAU,59.88068606,0
909,AGCCAUGAGAUGAGCUAGU,59.88068606,0
910,CCAUGAGAUGAGCUAGUCC,53.98956003,0
911,UCCAAAUUUGGGCACAUUC,49.36614467,0
912,AUUUGGGCACAUUCCUGGC,42.43102163,0
913,AUUCCUGGCCCACAAAGGU,57.56897837,0
914,ACAAAGGUUUGAAAUGAUC,26.32363908,0
915,AAGGUUUGAAAUGAUCCGU,20.95451156,0
916,AGGUUUGAAAUGAUCCGUC,8.501118568,0
917,GUUUGAAAUGAUCCGUCAG,51.00671141,0
918,UUGAAAUGAUCCGUCAGGC,12.52796421,0
919,CCGUCAGGCAUAUUUUGCC,25.5033557,0
920,UGCCACCCCUGUACAUCUU,53.54213274,0
921,CACCCCUGUACAUCUUUGC,19.38851603,0
922,CCUGUACAUCUUUGCUGUC,62.63982103,0
923,UGUACAUCUUUGCUGUCUU,16.03281133,0
924,AUCUUUGCUGUCUUUCCAU,47.87472036,0
925,CUUUGCUGUCUUUCCAUCC,23.48993289,0
926,UCUUUCCAUCCAGCUCAGG,10.43997017,0
927,CAUCCAGCUCAGGAACUGC,40.26845638,0
928,CCAGCUCAGGAACUGCAAU,54.06413125,0
929,GAACUGCAAUUUCUGGGGC,53.98956003,0
930,AACUGCAAUUUCUGGGGCA,66.51752424,0
931,UGCAAUUUCUGGGGCAGUA,61.0738255,0
932,UGGGGCAGUAGUAGGAUAU,41.68530947,0
933,CAGUAGUAGGAUAUGUGAU,48.39671887,0
934,AUAUGUGAUAGGAAUGUCA,14.54138702,0
935,GAUAGGAAUGUCAAACUCG,28.63534676,0
936,UCAAACUCGAUGUCAAACU,9.321401939,0
937,GAUGUCAAACUCAUAUUUC,50.11185682,0
938,AUGUCAAACUCAUAUUUCA,43.84787472,0
939,AACUCAUAUUUCAGGAGGU,67.56152125,0
940,CAGGAGGUCAUGGAUAUAC,28.41163311,0
941,GGAGGUCAUGGAUAUACCA,76.58463833,0
942,AUAUACCAGCAUUUUCCAA,57.64354959,0
943,UUUCCAAACCACCGAGUUC,27.14392245,0
944,CCAAACCACCGAGUUCCUU,75.98806861,0
945,AACCACCGAGUUCCUUCCU,53.91498881,0
946,GUUCCUUCCUUGUUGGACU,37.73303505,0
947,CUUCCUUGUUGGACUCCAG,50.55928412,0
948,UGGACUCCAGUCGGAACCA,46.38329605,0
949,UCGGAACCAAUCGUUGUCA,43.251305,0
950,GGAACCAAUCGUUGUCAGC,41.8344519,0
951,CGUUGUCAGCAUUCUUGUU,67.71066368,0
952,UUGUCAGCAUUCUUGUUGU,35.5704698,0
953,CAUUCUUGUUGUUCUCCAC,48.62043251,0
954,GUUGUUCUCCACAUACCGG,46.08501119,0
955,UCUCCACAUACCGGAUAAG,41.53616704,0
956,ACAUACCGGAUAAGGGACU,44.36987323,0
957,CAUACCGGAUAAGGGACUG,41.23788218,0
958,AUACCGGAUAAGGGACUGA,33.70618941,0
959,UACCGGAUAAGGGACUGAU,26.09992543,0
960,CUGAUAUUCCUCCUUCAGU,43.92244594,0
961,AUAUUCCUCCUUCAGUCGC,20.50708427,0
962,UAUUCCUCCUUCAGUCGCU,30.57419836,0
963,AUUCCUCCUUCAGUCGCUG,25.05592841,0
964,UCCUUCAGUCGCUGCACCC,35.94332588,0
965,AGUCGCUGCACCCACAACU,40.04474273,0
966,UCACGAUCUCGGGGUCCGG,57.79269202,0
967,UUUCUUUUCUAUGCCUACU,24.23564504,0
968,CUUUUCUAUGCCUACUAGC,20.95451156,0
969,UACUAGCUGACUGGCCUUC,31.46905295,0
970,CCUUCCUUUUCUGUGUUGA,51.15585384,0
971,UGUUGAGUUGUGUACUCUG,38.10589113,0
972,UUGUGUACUCUGGAGUCAC,19.46308725,0
973,GUGUACUCUGGAGUCACCA,40.11931394,0
974,GUCACCAGCCUCUGGUAGA,52.64727815,0
975,UCACCAGCCUCUGGUAGAU,27.66592095,0
976,CUCUGGUAGAUUAUCAAGC,24.68307233,0
977,AGAUUAUCAAGCAUCUCUU,25.87621178,0
978,GAUUAUCAAGCAUCUCUUC,35.94332588,0
979,UUAUCAAGCAUCUCUUCCU,15.73452647,0
980,AUCAAGCAUCUCUUCCUCA,31.69276659,0
981,CAAGCAUCUCUUCCUCAUC,29.08277405,0
982,GCAUCUCUUCCUCAUCAGC,44.96644295,0
983,UUUCUGUCUUGCAUGCUUC,27.59134974,0
984,CUGUCCACUGUCUGGCAUU,42.20730798,0
985,GUCCACUGUCUGGCAUUCU,29.15734526,0
986,UCUGGCAUUCUUGAGGAAG,43.32587621,0
987,AUUAUAUUUAAAUUCUGAG,35.94332588,0
988,UUAAAUUCUGAGGAUAUGU,14.98881432,0
989,AGCCAUGAGCGGGUCAUCA,43.62416107,0
990,CCAUGAGCGGGUCAUCAGG,37.73303505,0
991,CAUGAGCGGGUCAUCAGGG,31.99105145,0
992,AUGAGCGGGUCAUCAGGGU,24.90678598,0
993,GGGUCAUCAGGGUUGGGUU,60.70096943,0
994,UGGGUUCUGACAUGAGCAG,22.07307979,0
995,GGUUCUGACAUGAGCAGCU,40.79045488,0
996,GCAGCUGAAUAGAGGUCAA,63.31096197,0
997,UAGAGGUCAACACAGUUGC,14.61595824,0
998,GGUCAACACAGUUGCGAUG,36.76360925,0
999,AACACAGUUGCGAUGUUGA,23.48993289,0
1000,ACAGUUGCGAUGUUGAGGG,20.80536913,0
1001,GGGAUGGUCUCCAAGCACC,40.04474273,0
1002,GGAUGGUCUCCAAGCACCU,51.08128262,0
1003,GAUGGUCUCCAAGCACCUU,54.88441462,0
1004,GUCUCCAAGCACCUUUUGG,36.68903803,0
1005,AGCACCUUUUGGUGGCAAU,67.33780761,0
1006,CUUUUGGUGGCAAUUUGAG,48.91871738,0
1007,UGGUGGCAAUUUGAGAACA,60.25354213,0
1008,GGCAAUUUGAGAACAUCCA,46.38329605,0
1009,CAAUUUGAGAACAUCCAGA,39.74645787,0
1010,GAGAACAUCCAGACAAAUC,44.07158837,0
1011,AACAUCCAGACAAAUCCUU,40.41759881,0
1012,CAUCCAGACAAAUCCUUCC,28.33706189,0
1013,GACAAAUCCUUCCAGCAGA,34.52647278,0
1014,AAUCCUUCCAGCAGAAUCA,28.8590604,0
1015,AAUCAAUGUUUGGAUGAUA,49.73900075,0
1016,UGUUUGGAUGAUAAAUUGG,24.45935869,0
1017,UUUGGAUGAUAAAUUGGAG,20.13422819,0
1018,GGAUGAUAAAUUGGAGUGA,57.64354959,0
1019,AAAUUGGAGUGAGAAAUCG,20.35794183,0
1020,AUUGGAGUGAGAAAUCGGA,18.49366145,0
1021,AAAUCGGAUCUGAGGAGGU,25.13049963,0
1022,UCGGAUCUGAGGAGGUUCA,21.6256525,0
1023,CGGAUCUGAGGAGGUUCAA,57.86726324,0
1024,GAGGUUCAAAUGGGUACCU,52.94556301,0
1025,UUCAAAUGGGUACCUCUCA,34.82475764,0
1026,CAAAUGGGUACCUCUCAGG,41.46159582,0
1027,AUGGGUACCUCUCAGGAAU,14.9142431,0
1028,ACCUCUCAGGAAUGAUAAC,43.7733035,0
1029,CUCUCAGGAAUGAUAACUU,40.79045488,0
1030,AUGAUAACUUCUAGCUUAA,32.96047726,0
1031,AAAACACCUUUCUCAUAAG,31.02162565,0
1032,CCUUUCUCAUAAGGUGUGU,44.29530201,0
1033,GUGUUGGCUCCACCUAAUA,57.1961223,0
1034,CUCCACCUAAUAUUUGAGC,35.04847129,0
1035,CACCUAAUAUUUGAGCUCG,32.88590604,0
1036,ACCUAAUAUUUGAGCUCGC,46.60700969,0
1037,UAAUAUUUGAGCUCGCAGG,23.86278896,0
1038,AUAUUUGAGCUCGCAGGUC,24.83221477,0
1039,UCGCAGGUCAUCCAUUUGG,28.93363162,0
1040,GUCAUCCAUUUGGUCUUUA,52.8709918,0
1041,GGUCUUUAUCUUGCCAACA,43.47501864,0
1042,CUUGCCAACAUGUGAUGCC,34.89932886,0
1043,UGCCAACAUGUGAUGCCUG,32.28933632,0
1044,ACCAUUUUGUUUUCUUUGG,24.45935869,0
1045,UUUGUUUUCUUUGGAUUCU,21.17822521,0
1046,UUUCUUUGGAUUCUUGUUA,14.54138702,0
1047,UUCUUGUUACAUGUUCGCA,22.52050708,0
1048,UCUUGUUACAUGUUCGCAC,6.63683818,0
1049,UUGUUACAUGUUCGCACAU,33.85533184,0
1050,AAAAGAAUUAUCCGGUGGU,27.8896346,0
1051,AAAGAAUUAUCCGGUGGUC,28.11334825,0
1052,UAUCCGGUGGUCGUCUCUU,38.32960477,0
1053,UGGUCGUCUCUUUUCCUUG,18.12080537,0
1054,GGUCGUCUCUUUUCCUUGC,16.40566741,0
1055,UUUCCUUGCAGCUGGAAAG,23.19164802,0
1056,UCCUUGCAGCUGGAAAGCA,17.74794929,0
1057,AGCUGGAAAGCAUGCUAAU,49.66442953,0
1058,GGAAAGCAUGCUAAUAAUG,30.49962714,0
1059,AAAGCAUGCUAAUAAUGCU,36.76360925,0
1060,AAUGCUAAGACAAACUGAU,20.2087994,0
1061,AUGCUAAGACAAACUGAUU,22.29679344,0
1062,CUAAGACAAACUGAUUGGA,36.61446682,0
1063,AGACAAACUGAUUGGACUG,9.395973154,0
1064,CUGAUUGGACUGAGAGCGC,18.86651752,0
1065,GAGAGCGCUGGGGACCAGU,30.57419836,0
1066,GCGCUGGGGACCAGUCUUC,39.97017151,0
1067,CGCUGGGGACCAGUCUUCU,34.07904549,0
1068,GGGGACCAGUCUUCUGUUA,51.75242356,0
1069,GGACCAGUCUUCUGUUAGA,45.33929903,0
1070,AGUCUUCUGUUAGAAUGGA,52.19985086,0
1071,UCUUCUGUUAGAAUGGAUA,37.43475019,0
1072,CUGUUAGAAUGGAUAAACA,50.63385533,0
1073,UUAGAAUGGAUAAACAGAU,27.96420582,0
1074,UAGAAUGGAUAAACAGAUA,35.94332588,0
1075,UGACCAUUGCUAUAAACAU,28.26249068,0
1076,UUGCUAUAAACAUGAGGAU,22.22222222,0
1077,GCUAUAAACAUGAGGAUGA,41.23788218,0
1078,UAUAAACAUGAGGAUGAAC,21.40193885,0
1079,UAAACAUGAGGAUGAACAG,16.03281133,0
1080,AACAUGAGGAUGAACAGGA,19.2393736,0
1081,ACAUGAGGAUGAACAGGAA,45.56301268,0
1082,AUGAGGAUGAACAGGAAUA,22.44593587,0
1083,GGAUGAACAGGAAUAUUUU,60.1043997,0
1084,UGAACAGGAAUAUUUUCAC,38.85160328,0
1085,AACAGGAAUAUUUUCACCA,14.16853095,0
1086,ACAGGAAUAUUUUCACCAG,19.61222968,0
1087,AGGAAUAUUUUCACCAGUA,29.60477256,0
1088,GAAUAUUUUCACCAGUAAA,31.99105145,0
1089,UUCACCAGUAAACAUGACC,23.04250559,0
1090,GACCUGAGGAGAGUCAAAA,29.15734526,0
1091,CUGAGGAGAGUCAAAAGGA,41.53616704,0
1092,GAGAGUCAAAAGGAUAUCG,36.09246831,0
1093,AGAGUCAAAAGGAUAUCGA,44.29530201,0
1094,AGUCAAAAGGAUAUCGACU,39.29903057,0
1095,CAAAAGGAUAUCGACUACU,7.904548844,0
1096,UAUCGACUACUAAAUUUAA,40.41759881,0
1097,AUCGACUACUAAAUUUAAA,34.37733035,0
1098,GACUACUAAAUUUAAAUAG,37.73303505,0
1099,CUAAAUUUAAAUAGAAGUU,28.33706189,0
1100,UUAAAUAGAAGUUGAAAUU,27.29306488,0
1101,UUCCCCUUCAUAUAAGGUA,17.15137957,0
1102,AUAUAAGGUACCUGGUGCA,41.8344519,0
1103,UAAGGUACCUGGUGCACCU,30.49962714,0
1104,UACCUGGUGCACCUUCCAU,35.79418345,0
1105,CUGGUGCACCUUCCAUGUC,29.23191648,0
1106,GGUGCACCUUCCAUGUCUA,70.99179717,0
1107,CAUGUCUACAAUCCACUGU,17.67337808,0
1108,AUGUCUACAAUCCACUGUG,14.09395973,0
1109,UGUCUACAAUCCACUGUGU,25.950783,0
1110,UCUACAAUCCACUGUGUAA,30.94705444,0
1111,UACAAUCCACUGUGUAAUU,16.62938106,0
1112,CACUGUGUAAUUGAAUUUU,42.72930649,0
1113,GUGUAAUUGAAUUUUGAAC,45.11558538,0
1114,AUUGAAUUUUGAACACUCU,18.64280388,0
1115,UUGAAUUUUGAACACUCUU,15.3616704,0
1116,AAUUUUGAACACUCUUCUC,13.79567487,0
1117,CUCUUCUCAUUUAAGGUCA,44.07158837,0
1118,UCUUCUCAUUUAAGGUCAU,48.62043251,0
1119,CUCAUUUAAGGUCAUUCCA,28.11334825,0
1120,UUUAAGGUCAUUCCAGGAG,25.20507084,0
1121,UUAAGGUCAUUCCAGGAGG,25.950783,0
1122,AAUAUGUAUUCGUUUGCCA,17.97166294,0
1123,UGUAUUCGUUUGCCAGAUA,31.69276659,0
1124,AUUCGUUUGCCAGAUAUAU,28.48620433,0
1125,AUUCGUCGGAAUAUAAGAG,26.32363908,0
1126,CUGCCAAUGCCAAAGUCAG,43.02759135,0
1127,GGAUGACAAUCAGUACAGC,53.46756152,0
1128,CAGUACAGCUGACCCACCA,37.80760626,0
1129,GGUUGUCUCUUGGCUGGUG,58.38926174,0
1130,UUGGCUGGUGGCCCUGGAU,43.32587621,0
1131,ACAUCUGGUGAAGUAGACA,45.48844146,0
1132,GAAGUAGACAACCUUCUCU,41.23788218,0
1133,ACUCUGCUGCUGGGCCCGG,64.65324385,0
1134,CUGCUGCUGGGCCCGGCGC,73.67636092,0
1135,UUCUUAGCUACAGGUUGGG,41.46159582,0
1136,AGGUUGGGUAGGUUGAUGA,64.28038777,0
1137,UGGGUAGGUUGAUGAAAGG,58.09097688,0
1138,UGGCCGUAGCACCCUGGAA,43.99701715,0
1139,GGUAUAUCAUCUUGUAAAU,64.50410142,0
1140,UUGUAAAUCAGUUAGUGAA,49.66442953,0
1141,AGUGGUUUAAGUCUGACUC,33.85533184,0
1142,UUCCAGAUGAAUUGACUUC,43.84787472,0
1143,UCCAGAUGAAUUGACUUCU,40.64131245,0
1144,CCAGAUGAAUUGACUUCUG,54.88441462,0
1145,CAGAUGAAUUGACUUCUGC,59.43325876,0
1146,CUGCCUUAAAGCUUAUUUG,58.24011931,0
1147,GUUCUUUGGCUUCUUGGUC,57.71812081,0
1148,UCUUUGGCUUCUUGGUCAG,45.48844146,0
1149,GCUUCCAGAUUUUAAAGGC,62.41610738,0
1150,UUCCAGAUUUUAAAGGCAA,47.42729306,0
1151,UCCAGAUUUUAAAGGCAAC,58.83668904,0
1152,GCAAGUGCUCUUCUUUCCU,47.27815063,0
1153,AACCUAUGGCUCCCUCUCC,54.51155854,0
1154,UGGCUCCCUCUCCUUUUGU,68.90380313,0
1155,CCCUCUCCUUUUGUUGGCA,78.59806115,0
1156,UGAUGGCUAAUAAUGCUGU,59.20954512,0
1157,UGGCUAAUAAUGCUGUCCU,44.2207308,0
1158,UAAUGCUGUCCUUAUACUC,31.84190902,0
1159,AGGAUGAUGGCCUGAGAUG,51.75242356,0
1160,AUGAUGGCCUGAGAUGCUC,52.19985086,0
1161,UGGCCUGAGAUGCUCAAAC,45.86129754,0
1162,CCUGAGAUGCUCAAACAGA,58.24011931,0
1163,CCCACUUCAAAUCGACCAU,58.01640567,0
1164,CACUUCAAAUCGACCAUUA,65.47352722,0
1165,AAUCGACCAUUAGCCGUUA,37.36017897,0
1166,UAAUGCUUGGUGGUUUCAU,49.21700224,0
1167,CAUGGGAUACUCUGGUGGC,60.02982849,0
1168,ACUAUCCGCCCGUGAUAAA,61.37211037,0
1169,ACUCCUCCAUCAAAAUCGG,64.20581655,0
1170,GGCUGCGCAUGGUAAUGAU,58.83668904,0
1171,GAGCUGUCUGUUUGAACAU,51.82699478,0
1172,CUGUCUGUUUGAACAUUUC,42.87844892,0
1173,UCUGUUUGAACAUUUCGGG,30.87248322,0
1174,UUUGAACAUUUCGGGAUUU,44.96644295,0
1175,UUUCGGGAUUUUGUUUGUA,50.70842655,0
1176,UUCGGGAUUUUGUUUGUAC,44.89187174,0
1177,CGGGAUUUUGUUUGUACUG,47.72557793,0
1178,UUGUUUGUACUGAUUUGCU,41.98359433,0
1179,UUGUACUGAUUUGCUACUA,34.45190157,0
1180,UGUACUGAUUUGCUACUAC,31.31991051,0
1181,ACUGAUUUGCUACUACAGC,34.82475764,0
1182,GAUUUGCUACUACAGCAUC,51.15585384,0
1183,UUUGCUACUACAGCAUCCU,31.31991051,0
1184,UUGCUACUACAGCAUCCUG,30.64876957,0
1185,UGCUACUACAGCAUCCUGU,32.96047726,0
1186,CUACAGCAUCCUGUGGAUC,49.58985831,0
1187,AGCAUCCUGUGGAUCAUCU,49.29157345,0
1188,CAUCCUGUGGAUCAUCUGG,50.26099925,0
1189,AUCCUGUGGAUCAUCUGGC,44.14615958,0
1190,UGUGGAUCAUCUGGCUCUG,38.4787472,0
1191,AUCUGGCUCUGCAGCUGCC,39.00074571,0
1192,UGGCUCUGCAGCUGCCAAU,36.61446682,0
1193,CUCUGCAGCUGCCAAUAGU,53.76584638,0
1194,UAGUGCUUGCAAUGACAAU,36.31618195,0
1195,AGUGCUUGCAAUGACAAUA,33.48247576,0
1196,UGACAAUAAUACCGUGCGG,52.79642058,0
1197,AUACCGUGCGGAGAGUCAU,36.09246831,0
1198,UGCGGAGAGUCAUUGCAGC,35.04847129,0
1199,GGAGAGUCAUUGCAGCUGC,64.65324385,0
1200,GAGAGUCAUUGCAGCUGCC,57.04697987,0
1201,GAGUCAUUGCAGCUGCCCA,67.03952274,0
1202,AUUGCAGCUGCCCAUUGAU,63.90753169,0
1203,GCUGCCCAUUGAUCUUUCA,57.27069351,0
1204,CUGCCCAUUGAUCUUUCAG,40.93959732,0
1205,UCUUUCAGGAUAUCCAAAC,35.04847129,0
1206,CUUUCAGGAUAUCCAAACA,56.2266965,0
1207,UUCAGGAUAUCCAAACAAA,41.16331096,0
1208,UAUCCAAACAAAUAGCCCC,39.44817301,0
1209,AUCCAAACAAAUAGCCCCU,47.05443699,0
1210,AAUAGCCCCUGUGACGGAA,58.61297539,0
1211,UGACGGAACUAAUAUUAGG,44.14615958,0
1212,ACGGAACUAAUAUUAGGAU,60.32811335,0
1213,AACUAAUAUUAGGAUGCCA,54.06413125,0
1214,UAUUAGGAUGCCAUAUUUU,49.81357196,0
1215,UAGGAUGCCAUAUUUUAGU,43.32587621,0
1216,CAUAUUUUAGUGAUAAACC,39.44817301,0
1217,UAUUUUAGUGAUAAACCGG,33.10961969,0
1218,AUUUUAGUGAUAAACCGGA,45.56301268,0
1219,AUUAAAUGGGUAUGUUUCU,46.08501119,0
1220,UAAAUGGGUAUGUUUCUGG,46.01043997,0
1221,AUGGGUAUGUUUCUGGUAU,43.10216257,0
1222,UUUUAUCUCUAGUUGGUAU,41.46159582,0
1223,UCUAGUUGGUAUCUUCCUC,40.8650261,0
1224,UAGUUGGUAUCUUCCUCCU,43.7733035,0
1225,AGUUGGUAUCUUCCUCCUU,49.21700224,0
1226,UUGGUAUCUUCCUCCUUCA,38.32960477,0
1227,CUUCCUCCUUCAUAUGGUG,48.17300522,0
1228,CUCCUUCAUAUGGUGUGUC,52.12527964,0
1229,UCCUUCAUAUGGUGUGUCU,39.59731544,0
1230,CCUUCAUAUGGUGUGUCUG,45.71215511,0
1231,UUCAUAUGGUGUGUCUGGA,44.89187174,0
1232,CAUAUGGUGUGUCUGGAGG,50.11185682,0
1233,UGGUGUGUCUGGAGGUCCU,44.36987323,0
1234,UGUCUGGAGGUCCUGCUAU,47.94929157,0
1235,GUCUGGAGGUCCUGCUAUU,58.1655481,0
1236,UCUGGAGGUCCUGCUAUUU,51.23042506,0
1237,AGGUCCUGCUAUUUCUCCU,48.24757644,0
1238,GGUCCUGCUAUUUCUCCUC,59.1349739,0
1239,CUAUUUCUCCUCUUAAUUC,44.66815809,0
1240,UCCUCUUAAUUCUGUAAAA,64.50410142,0
1241,UGUAAAAUUCUCAUCUACA,33.25876212,0
1242,GUAAAAUUCUCAUCUACAA,58.91126025,0
1243,UAAAAUUCUCAUCUACAAG,31.91648024,0
1244,AAAAUUCUCAUCUACAAGA,37.06189411,0
1245,AAAUUCUCAUCUACAAGAU,39.37360179,0
1246,UUCUCAUCUACAAGAUCUA,36.09246831,0
1247,CUCAUCUACAAGAUCUACU,34.22818792,0
1248,UCAUCUACAAGAUCUACUU,33.70618941,0
1249,CUACAAGAUCUACUUUAAU,65.8463833,0
1250,GGUCUUUGUCCCAUAUGCU,60.40268456,0
1251,GUCUUUGUCCCAUAUGCUG,61.44668158,0
1252,GUCCCAUAUGCUGGCCAAG,61.22296793,0
1253,GCCAAGUGUGUCCACCACC,61.0738255,0
1254,ACCACCUGCUCAGUCAGAG,65.10067114,0
1255,CUCAGUCAGAGCAGAGAUG,68.15809098,0
1256,CGAGGAGACUGGACAGCCA,49.73900075,0
1257,UGAUGGAGGGCUGGGUGGC,54.66070097,0
1258,UGGAGGGCUGGGUGGCUGA,61.81953766,0
1259,GGUGGCUGAUCCUGGGAGU,66.66666667,0
1260,GCUGAUCCUGGGAGUAGUG,65.398956,0
1261,GAUCCUGGGAGUAGUGACU,51.82699478,0
1262,CUGGCCCAAGACAAGGGCA,72.40865026,0
1263,AAGACAAGGGCAAGGGUCA,59.80611484,0
1264,UCACAGGCCAUCUACUUGA,49.96271439,0
1265,UUGUCGAACUUCUUAUGGC,33.92990306,0
1266,UAUGGCUGUAGAGCUUGUU,42.87844892,0
1267,CCAGUCACACAGGAAGGAG,64.57867263,0
1268,GGAGCCCACCCCGAUGGAG,71.29008203,0
1269,GAGGUCAGAGCAGUGGCCA,57.49440716,0
1270,GCAGUGGCCAGAUUGAUGA,67.85980611,0
1271,GGGAAUGAGACUGAAUUUC,70.39522744,0
1272,GAAUGAGACUGAAUUUCCC,45.86129754,0
1273,GAGACUGAAUUUCCCUGCC,61.59582401,0
1274,CCAUGCACGAUAACAUCGA,57.1961223,0
1275,AUUCGAAUCCCAUAGGCUU,43.32587621,0
1276,GAUGAGAGUUCGAGUGGUG,51.75242356,0
1277,GAGUUCGAGUGGUGGUAGU,67.48695004,0
1278,GUAGUGCCGUUUAUCUUGU,62.26696495,0
1279,UAUCUUGUAAUACUUGGCA,42.72930649,0
1280,AUCUUGUAAUACUUGGCAA,57.71812081,0
1281,GGCAAACCUGAAGUUGUAG,57.49440716,0
1282,AGCCUGAGGAGGCAGGGUC,53.8404176,0
1283,UUGCACUCUGAUUCAGACA,39.67188665,0
1284,ACAAGUCCAGGUCACAGUU,71.21551081,0
1285,GUCCAGGUCACAGUUCCAG,47.5764355,0
1286,GUUCCAGUUGAUGAUGACU,74.86950037,0
1287,AUGAUGACUCCAAUGACAC,56.00298285,0
1288,GUUCUGUGAAGUUCUCUCC,53.98956003,0
1289,GUUCUCUCCUGCCUUCUCA,75.91349739,0
1290,UCCUGCCUUCUCAACAAUG,54.21327368,0
1291,CAACAAUGAAACCCAGCCU,51.60328113,0
1292,AUGGGUCAGAGUCCUGAUC,39.37360179,0
1293,AUGUGCAAUGCUUGAGGUA,46.08501119,0
1294,UCACUCUUCUGGCUUGCAA,45.71215511,0
1295,GAACUUGAACUUGGGGUAG,53.16927666,0
1296,UGGAUGCUGUUCUUGAUGA,59.95525727,0
1297,GAUGAGGAUGGUGAAAUUU,82.40119314,0
1298,CCCAGAAAAUGGUUGUCAG,69.94780015,0
1299,GAAAAUGGUUGUCAGAAGU,75.0186428,0
1300,GUUCCAUCCUCCACCGGGC,63.90753169,0
1301,GACACCUCGCAGGUCUUGG,48.76957494,0
1302,AUAGGGUACACAGUGCCCU,58.98583147,0
1303,AGUGCCCUGUGCGAAUCCC,50.78299776,0
1304,UGCGAAUCCCAUUGCCUUG,51.97613721,0
1305,CAUUGCCUUGCAUGUCCAG,58.83668904,0
1306,CCUUGCAUGUCCAGCUGUC,73.67636092,0
1307,UCUGAAUGGCAGGUAGAGC,40.79045488,0
1308,GAAUGGCAGGUAGAGCUGU,68.45637584,0
1309,UGGCAGGUAGAGCUGUGAA,61.44668158,0
1310,AUGUUCCCAAGGUCUGGGA,62.41610738,0
1311,AAGGGGUAACCUCGAUCCU,42.72930649,0
1312,UCGAUCCUGGUGAUGAUGC,41.46159582,0
1313,GAUGAUGCUGACUACACUG,41.53616704,0
1314,GGGGCUUUACGUAUUCCUC,73.97464579,0
1315,GUCCCACACUUUGUCUUCC,48.17300522,0
1316,UCCCACACUUUGUCUUCCG,51.82699478,0
1317,UGGUGAUCCCCUUGACUUU,50.63385533,0
1318,CUUGACUUUGGUGAUGAUG,46.68158091,0
1319,UGAUGAUGGAGCUCUCCGG,59.58240119,0
1320,CCGGUCUCGCUGUCCUGGU,63.08724832,0
1321,GUCUCGCUGUCCUGGUAGC,54.88441462,0
1322,CUGGUAGCUUUUCUGCACG,39.97017151,0
1323,UGGUAGCUUUUCUGCACGA,44.66815809,0
1324,UUCUGCACGAUGAAGACGU,36.46532438,0
1325,GAAGUAAAGCAGGAUGAGA,54.28784489,0
1326,CAGGCGCCGAUUCCGCACC,48.32214765,0
1327,UAGCCUAGUCCAUGCUCUA,44.96644295,0
1328,UCCAUGCUCUAGCUGUUUC,25.20507084,0
1329,AUGCUCUAGCUGUUUCUAU,31.54362416,0
1330,UGCUCUAGCUGUUUCUAUG,28.93363162,0
1331,CUAGCUGUUUCUAUGGCUU,32.58762118,0
1332,GCUGUUUCUAUGGCUUGGG,55.10812826,0
1333,UGUUUCUAUGGCUUGGGCU,31.61819538,0
1334,GUUUCUAUGGCUUGGGCUU,54.43698732,0
1335,UUUCUAUGGCUUGGGCUUC,32.66219239,0
1336,UUCUAUGGCUUGGGCUUCG,37.28560776,0
1337,UCUAUGGCUUGGGCUUCGU,42.20730798,0
1338,UAUGGCUUGGGCUUCGUUG,29.90305742,0
1339,UUGGGCUUCGUUGGUCUUC,36.31618195,0
1340,CUUCGUUGGUCUUCCACUG,41.8344519,0
1341,GGUCUUCCACUGCUCCGCU,67.26323639,0
1342,GUCUUCCACUGCUCCGCUA,70.02237136,0
1343,CUGCUCCGCUACAUCAUUU,67.7852349,0
1344,UGCUCCGCUACAUCAUUUG,52.12527964,0
1345,GCUCCGCUACAUCAUUUGC,62.86353468,0
1346,CGCUACAUCAUUUGCUAAU,74.4966443,0
1347,GCUACAUCAUUUGCUAAUG,77.47949292,0
1348,CUACAUCAUUUGCUAAUGG,41.90902312,0
1349,CAUCAUUUGCUAAUGGAUC,54.28784489,0
1350,AUCAUUUGCUAAUGGAUCA,47.65100671,0
1351,UGCUAAUGGAUCAUCUGGA,35.94332588,0
1352,UGGAUCAUCUGGAUUGGGA,41.53616704,0
1353,GGAUCAUCUGGAUUGGGAG,56.2266965,0
1354,GAUAGCAGAACUGUGCGGA,52.64727815,0
1355,AUAGCAGAACUGUGCGGAU,59.58240119,0
1356,CAGAACUGUGCGGAUCUGC,35.64504101,0
1357,AUCUGCAGUGCUGGGGACC,53.61670395,0
1358,CUGCAGUGCUGGGGACCAC,55.70469799,0
1359,GCAGUGCUGGGGACCACUU,64.05667412,0
1360,GGGGACCACUUAUCUUUCA,74.27293065,0
1361,GACCACUUAUCUUUCAAAA,73.52721849,0
1362,CUUAUCUUUCAAAAUAUCU,57.41983594,0
1363,UUAUCUUUCAAAAUAUCUA,39.8956003,0
1364,UAUCUUUCAAAAUAUCUAG,36.16703952,0
1365,UUUCAAAAUAUCUAGACAU,43.40044743,0
1366,CUAGACAUAUUCUUCCCAA,60.62639821,0
1367,UUCUUCCCAACUUGUCUAC,29.90305742,0
1368,UUCCCAACUUGUCUACAUU,30.05219985,0
1369,CCAACUUGUCUACAUUAGG,48.24757644,0
1370,UUGUCUACAUUAGGAUGAU,65.398956,0
1371,CUACAUUAGGAUGAUAAAU,63.31096197,0
1372,UAGGAUGAUAAAUUUUGGU,39.14988814,0
1373,AAAUUUUGGUCAUGAAACG,25.42878449,0
1374,AAUUUUGGUCAUGAAACGU,31.31991051,0
1375,GUCAUGAAACGUACUUUAG,40.71588367,0
1376,UUAGGGGCUGCCAUUGGGU,52.27442207,0
1377,GGCUGCCAUUGGGUAUUCU,66.66666667,0
1378,GGGUAUUCUUCUGGAAGGA,72.48322148,0
1379,UAUUCUUCUGGAAGGAAUA,38.10589113,0
1380,CUUCUGGAAGGAAUAGUUC,34.75018643,0
1381,CUGGAAGGAAUAGUUCAAG,36.76360925,0
1382,UGGAAGGAAUAGUUCAAGU,28.33706189,0
1383,GAAGGAAUAGUUCAAGUUU,67.48695004,0
1384,GGAAUAGUUCAAGUUUAAA,77.70320656,0
1385,AGUUCAAGUUUAAAAGUCC,34.97390007,0
1386,AAAAGUCCCUCCCUCAAAG,47.35272185,0
1387,GAAUCCUGAGGGCCAGCAA,62.56524981,0
1388,GAGGGCCAGCAAUGACCAC,59.65697241,0
1389,GGGCCAGCAAUGACCACAU,64.87695749,0
1390,GCCAGCAAUGACCACAUGA,62.26696495,0
1391,CCAGCAAUGACCACAUGAA,70.54436987,0
1392,CAGCAAUGACCACAUGAAA,70.32065623,0
1393,GCAAUGACCACAUGAAAAU,64.87695749,0
1394,ACAUGAAAAUAACGGGCGU,53.46756152,0
1395,AUGAAAAUAACGGGCGUUG,35.04847129,0
1396,GGGCGUUGCUCUCAUCUGG,50.93214019,0
1397,UGCUCUCAUCUGGUUCGGC,38.40417599,0
1398,CUCUCAUCUGGUUCGGCUU,34.1536167,0
1399,AUCUGGUUCGGCUUUGAUG,36.83818046,0
1400,UGGUUCGGCUUUGAUGCCA,39.14988814,0
1401,CGGCUUUGAUGCCAGGAAC,41.68530947,0
1402,GCUUUGAUGCCAGGAACUG,54.21327368,0
1403,UUUGAUGCCAGGAACUGGU,27.36763609,0
1404,UGAUGCCAGGAACUGGUUC,73.15436242,0
1405,GAUGCCAGGAACUGGUUCU,54.73527218,0
1406,UUUUCUUACACAGCGGGCA,29.67934377,0
1407,CUUACACAGCGGGCAACUU,41.08873975,0
1408,UUACACAGCGGGCAACUUU,29.97762864,0
1409,GGGCAACUUUUCUUUUAAA,67.56152125,0
1410,ACUUUUCUUUUAAAUUCUC,57.94183445,0
1411,UUUUCUUUUAAAUUCUCCA,44.66815809,0
1412,AAAUUCUCCAUUUCUAUCU,23.93736018,0
1413,UUUCUAUCUUCCCUCCAUU,35.94332588,0
1414,UUCCCUCCAUUCUUUCGCA,45.78672632,0
1415,CCCUCCAUUCUUUCGCAGC,52.4235645,0
1416,CCUCCAUUCUUUCGCAGCA,74.34750186,0
1417,UCUUUCGCAGCAUCAACAU,22.29679344,0
1418,CUUUCGCAGCAUCAACAUU,30.2759135,0
1419,CAGCAUCAACAUUAGCAGG,27.29306488,0
1420,AGCAUCAACAUUAGCAGGU,29.97762864,0
1421,AACAUUAGCAGGUGAGUCU,39.52274422,0
1422,GCAGGUGAGUCUCCAUUAG,46.38329605,0
1423,UGAGUCUCCAUUAGGGUCU,33.03504847,0
1424,AGGGUCUGCCAGCAUAGAA,54.51155854,0
1425,CCAGCAUAGAAAUGACACU,64.50410142,0
1426,AGCAUAGAAAUGACACUAA,59.73154362,0
1427,AUAGAAAUGACACUAAUCA,41.46159582,0
1428,GACACUAAUCAUGAUGGUU,51.23042506,0
1429,ACACUAAUCAUGAUGGUUU,50.11185682,0
1430,ACUAAUCAUGAUGGUUUCC,59.43325876,0
1431,AUGAUGGUUUCCACAGUGU,33.40790455,0
1432,GAUGGUUUCCACAGUGUGG,35.79418345,0
1433,AUGGUUUCCACAGUGUGGA,36.39075317,0
1434,GGUUUCCACAGUGUGGAUA,69.27665921,0
1435,UCCACAGUGUGGAUAGGGA,53.69127517,0
1436,CCACAGUGUGGAUAGGGAG,53.09470544,0
1437,GUGUGGAUAGGGAGCCAGC,52.27442207,0
1438,GGGAGCCAGCGUUCCUCUG,68.30723341,0
1439,AGCCAGCGUUCCUCUGGCU,71.81208054,0
1440,GCCAGCGUUCCUCUGGCUU,73.22893363,0
1441,CAGCGUUCCUCUGGCUUUU,75.68978374,0
1442,GCGUUCCUCUGGCUUUUCA,73.22893363,0
1443,UCCUCUGGCUUUUCAUAAC,63.23639075,0
1444,UCUGGCUUUUCAUAACCAU,70.76808352,0
1445,CUGGCUUUUCAUAACCAUA,76.28635347,0
1446,UUUUCAUAACCAUACUUAU,48.32214765,0
1447,UUUCAUAACCAUACUUAUC,34.601044,0
1448,CCAUACUUAUCUUCCCCAG,58.98583147,0
1449,UACUUAUCUUCCCCAGGCU,41.38702461,0
1450,UAUCUUCCCCAGGCUCAUG,43.32587621,0
1451,AUCUUCCCCAGGCUCAUGA,43.02759135,0
1452,GGCUCAUGAAGAAUAGAAA,78.00149142,0
1453,AAUAGAAAUGCACACAUCA,44.2207308,0
1454,UAGAAAUGCACACAUCACC,29.38105891,0
1455,AGAAAUGCACACAUCACCA,36.61446682,0
1456,UUUUAUCAACAUUUGGGUG,45.48844146,0
1457,UCAACAUUUGGGUGCCAGA,45.26472782,0
1458,AACAUUUGGGUGCCAGAUU,45.26472782,0
1459,GUGCCAGAUUUCUGUAAUG,62.63982103,0
1460,AUUUCUGUAAUGAAUUUCA,54.06413125,0
1461,UAAUGAAUUUCAUUUUAGG,48.098434,0
1462,AUGAAUUUCAUUUUAGGAG,34.45190157,0
1463,GAAUUUCAUUUUAGGAGGU,70.54436987,0
1464,AUUUUAGGAGGUCGGAGGG,53.46756152,0
1465,GAGGUCGGAGGGGAUAAUC,36.83818046,0
1466,AGGUCGGAGGGGAUAAUCU,37.21103654,0
1467,CACCUUCAUAAAGUGUAUC,50.78299776,0
1468,ACCUUCAUAAAGUGUAUCU,41.31245339,0
1469,UAAAGUGUAUCUGGAGGGC,43.92244594,0
1470,GUGUAUCUGGAGGGCCAAU,73.0797912,0
1471,GGAGGGCCAAUAAUAAGGA,66.66666667,0
1472,GGCCAAUAAUAAGGACUUC,34.67561521,0
1473,GCCAAUAAUAAGGACUUCC,47.05443699,0
1474,UAAGGACUUCCCAUCGGUA,30.57419836,0
1475,GGACUUCCCAUCGGUAGAG,49.06785981,0
1476,ACUUCCCAUCGGUAGAGAU,49.5152871,0
1477,CCAUCGGUAGAGAUCAUUG,35.34675615,0
1478,AUCGGUAGAGAUCAUUGUC,23.04250559,0
1479,CGGUAGAGAUCAUUGUCAU,69.79865772,0
1480,UUGUCAUCUAUUAAACCUG,27.29306488,0
1481,CAUCUAUUAAACCUGCAGA,54.8098434,0
1482,UCUAUUAAACCUGCAGAAA,61.44668158,0
1483,UUAAACCUGCAGAAAAGCC,37.88217748,0
1484,GAAAAGCCUUCCACUGGAU,51.23042506,0
1485,CACUGUCUGGCUAUCCUGU,58.83668904,0
1486,CUGUCUGGCUAUCCUGUCG,41.8344519,0
1487,UGUCGUGUUCUGCUCUGUU,42.65473527,0
1488,UCGUGUUCUGCUCUGUUGG,33.78076063,0
1489,GUUGGUCAAAUACUGAGUG,35.04847129,0
1490,UGGUCAAAUACUGAGUGGC,32.2147651,0
1491,UCAAAUACUGAGUGGCUAU,33.85533184,0
1492,GCUUCCAACCAGAGGAUCC,55.40641312,0
1493,UCCAACCAGAGGAUCCGCA,43.47501864,0
1494,CAGAGGAUCCGCAGGGUUG,58.01640567,0
1495,GGAUCCGCAGGGUUGCAGU,46.97986577,0
1496,GGGUUGCAGUCUGUCAAAA,62.4906786,0
1497,CUGUCAAAAGGGAACAAAU,64.35495899,0
1498,UGUCAAAAGGGAACAAAUA,66.29381059,0
1499,AAAAGGGAACAAAUAGACA,35.86875466,0
1500,AGGGAACAAAUAGACAGCA,45.26472782,0
1501,ACAAAUAGACAGCAAAACC,29.3064877,0
1502,AUAGACAGCAAAACCUUUG,31.09619687,0
1503,GCAAAACCUUUGAAAUAGU,74.42207308,0
1504,AAAUAGUCAAAGCGGGACU,57.71812081,0
1505,AUAGUCAAAGCGGGACUCC,48.39671887,0
1506,AGUCAAAGCGGGACUCCAG,46.30872483,0
1507,GGGACUCCAGUUGUCUUUA,67.33780761,0
1508,ACUCCAGUUGUCUUUAAGG,56.07755406,0
1509,GGAUGUCCAGACAGAUGAC,67.33780761,0
1510,UGUCCAGACAGAUGACUCC,43.62416107,0
1511,CAGACAGAUGACUCCCUGA,63.4601044,0
1512,AGACAGAUGACUCCCUGAC,37.80760626,0
1513,AGAUGACUCCCUGACUGUU,56.37583893,0
1514,AUGACUCCCUGACUGUUGA,44.29530201,0
1515,UGACUCCCUGACUGUUGAU,47.42729306,0
1516,ACUCCCUGACUGUUGAUGU,47.87472036,0
1517,CCCUGACUGUUGAUGUUGC,50.70842655,0
1518,CUGUUGAUGUUGCAGUGAU,48.02386279,0
1519,AGUGAUAGAUUCUGGUGCG,45.26472782,0
1520,GAUAGAUUCUGGUGCGGAA,68.30723341,0
1521,GAUUCUGGUGCGGAAAGUA,63.31096197,0
1522,UCUGGUGCGGAAAGUAACC,31.84190902,0
1523,GGUGCGGAAAGUAACCUUU,62.19239374,0
1524,CGGAAAGUAACCUUUGGUG,56.15212528,0
1525,AACCUUUGGUGGCUUAAAU,52.12527964,0
1526,UGGUGGCUUAAAUGGAUAA,78.59806115,0
1527,GCUUAAAUGGAUAAUCUGA,71.51379567,0
1528,CUGAUGAAAAUGUGAUAUC,57.04697987,0
1529,UGAAAAUGUGAUAUCCAGA,48.69500373,0
1530,AAAACACACCACCUUCAUA,62.63982103,0
1531,ACACCACCUUCAUAUACAG,72.55779269,0
1532,CAGAACCCGGUGGACCAAG,48.99328859,0
1533,UGGACCAAGUAUAGUUGAU,55.63012677,0
1534,GACCAAGUAUAGUUGAUCU,60.62639821,0
1535,UAUAGUUGAUCUCCAUUCA,32.51304996,0
1536,AUUCAUAAAUGUUAUCUCC,43.47501864,0
1537,UCAUAAAUGUUAUCUCCUU,61.22296793,0
1538,UAUCUCCUUUAGGCCCAGC,49.88814318,0
1539,UCCUUUAGGCCCAGCACUG,45.41387025,0
1540,AGGCCCAGCACUGCAAUUA,64.72781506,0
1541,CCAGCACUGCAAUUAGGAG,61.89410887,0
1542,GCACUGCAAUUAGGAGGAG,74.42207308,0
1543,CACUGCAAUUAGGAGGAGG,53.31841909,0
1544,AUUAGGAGGAGGAUCAAGG,39.14988814,0
1545,AUCAAGGGUUAUUUCAGCU,38.85160328,0
1546,GGUUAUUUCAGCUAGCUCC,39.97017151,0
1547,UAUUUCAGCUAGCUCCUUC,34.00447427,0
1548,UUCAGCUAGCUCCUUCUGA,34.82475764,0
1549,CAGCUAGCUCCUUCUGAAU,68.45637584,0
1550,AGCUAGCUCCUUCUGAAUU,46.90529456,0
1551,UUCUGAAUUCUUUUAGCAC,39.22445936,0
1552,ACUAGUGGAUAACUUAGCA,38.25503356,0
1553,GCAGUGGUUUUGCUAGAGA,73.22893363,0
1554,GUGGUUUUGCUAGAGAGUU,60.92468307,0
1555,GUUUUGCUAGAGAGUUUGG,47.94929157,0
1556,UUUGCUAGAGAGUUUGGUG,37.21103654,0
1557,UUGCUAGAGAGUUUGGUGU,32.81133482,0
1558,CUGGGUGGCAGAAGGUUUU,76.06263982,0
1559,UCUUUCCUCUUGUUCUUCA,33.40790455,0
1560,UCCUCUUGUUCUUCAGGCU,33.6316182,0
1561,UGGAGCGGCUGGGUCUCGC,48.39671887,0
1562,CGGCUGGGUCUCGCUGGUC,59.20954512,0
1563,CGCAUCUGAACUGCCACUG,60.47725578,0
1564,GUCCUUCGGGCGGCUGAGG,58.83668904,0
1565,CCUUCGGGCGGCUGAGGGA,65.24981357,0
1566,UUUCAUAUUUUCUUUAGAC,43.84787472,0
1567,UUCUUUAGACAUCAUUAGG,29.08277405,0
1568,UCUUUAGACAUCAUUAGGC,29.53020134,0
1569,AGACAUCAUUAGGCGCCGA,41.23788218,0
1570,UUAGGCGCCGAAGCUCUUG,37.28560776,0
1571,UAGGCGCCGAAGCUCUUGC,38.40417599,0
1572,CGAAGCUCUUGCAGGACAA,61.29753915,0
1573,CUCUUGCAGGACAACUUUG,46.68158091,0
1574,UCUUGCAGGACAACUUUGA,33.03504847,0
1575,GGACAACUUUGAUGCUAUA,64.95152871,0
1576,ACAACUUUGAUGCUAUAUG,42.05816555,0
1577,CAACUUUGAUGCUAUAUGA,63.4601044,0
1578,CUUUGAUGCUAUAUGAAUU,47.80014914,0
1579,UGAUGCUAUAUGAAUUCUG,32.88590604,0
1580,GAUGCUAUAUGAAUUCUGC,38.85160328,0
1581,UGCUAUAUGAAUUCUGCCA,33.10961969,0
1582,GAAUUCUGCCAUUUUGCUA,53.02013423,0
1583,UUCUGCCAUUUUGCUAGCA,46.75615213,0
1584,UGCCAUUUUGCUAGCACUG,34.75018643,0
1585,UUGCUAGCACUGAUAUGGC,31.31991051,0
1586,GCUAGCACUGAUAUGGCUC,32.2147651,0
1587,CUAGCACUGAUAUGGCUCU,32.66219239,0
1588,UAGCACUGAUAUGGCUCUU,37.06189411,0
1589,UAUGGCUCUUGGGUCCACC,37.28560776,0
1590,UUGGGUCCACCACUCCAUU,37.73303505,0
1591,CCACCACUCCAUUAGAACU,57.64354959,0
1592,GUUACAAAUCUUACAAAGG,52.4235645,0
1593,GGUCCACAUUCUAUUUUAA,71.06636838,0
1594,UAUUUUAAGGCUGUAUAUU,38.18046234,0
1595,UUUUAAGGCUGUAUAUUCG,33.33333333,0
1596,UAAGGCUGUAUAUUCGGUU,28.33706189,0
1597,CAUAAAUUGUUCUUGGAGG,52.94556301,0
1598,AUAAAUUGUUCUUGGAGGC,42.95302013,0
1599,AAUUGUUCUUGGAGGCCCA,57.41983594,0
1600,GGAGGCCCAAUUAUCAUCC,47.42729306,0
1601,UUAUCAUCCCUGUCCAUCU,32.88590604,0
1602,CAUCCCUGUCCAUCUUGUA,60.70096943,0
1603,UCAUGUCUUCGUCAUCUUC,29.15734526,0
1604,UGUCUUCGUCAUCUUCUAG,33.78076063,0
1605,GUCUUCGUCAUCUUCUAGA,56.748695,0
1606,UCUUCGUCAUCUUCUAGAC,31.39448173,0
1607,UUCGUCAUCUUCUAGACCC,28.18791946,0
1608,CGUCAUCUUCUAGACCCCA,71.06636838,0
1609,CAUCUUCUAGACCCCAGCU,45.56301268,0
1610,AUCUUCUAGACCCCAGCUA,38.25503356,0
1611,GCUAACUGUGCCAUCUCCU,54.58612975,0
1612,UAACUGUGCCAUCUCCUAC,33.78076063,0
1613,UGUGCCAUCUCCUACUCCU,31.17076808,0
1614,CCAUCUCCUACUCCUUUCU,56.30126771,0
1615,UACUCCUUUCUGGCCUUCU,35.79418345,0
1616,GGCCUUCUUCGAGUUCUUC,59.88068606,0
1617,CCUUCUUCGAGUUCUUCCA,55.33184191,0
1618,GUUCUUCCAACAGUCGGAA,60.99925429,0
1619,UUCCAACAGUCGGAAAUUG,28.93363162,0
1620,CAACAGUCGGAAAUUGCGA,36.16703952,0
1621,CAGUCGGAAAUUGCGAGGG,36.98732289,0
1622,UCGGAAAUUGCGAGGGACU,28.41163311,0
1623,AUUGCGAGGGACUUUUACU,32.14019389,0
1624,UGCGAGGGACUUUUACUCC,33.85533184,0
1625,GAGGGACUUUUACUCCUUU,51.08128262,0
1626,UUUACUCCUUUGCAGUGAA,39.29903057,0
1627,UACUCCUUUGCAGUGAAAU,29.15734526,0
1628,CUCCUUUGCAGUGAAAUUU,65.8463833,0
1629,CCUUUGCAGUGAAAUUUUC,37.58389262,0
1630,UUGCAGUGAAAUUUUCUAG,28.41163311,0
1631,GCAGUGAAAUUUUCUAGGU,72.78150634,0
1632,CAGUGAAAUUUUCUAGGUU,63.16181954,0
1633,GUGAAAUUUUCUAGGUUCA,67.93437733,0
1634,GAAAUUUUCUAGGUUCAAG,60.1043997,0
1635,AUUUUCUAGGUUCAAGUCU,46.75615213,0
1636,UCUAGGUUCAAGUCUUCCU,41.8344519,0
1637,AGUCUUCCUUCAUCACUCA,53.54213274,0
1638,GCUUGGUUCGUUUCCAAGG,36.01789709,0
1639,CAAGGGAACACAAUGGGCA,28.8590604,0
1640,GGUGGGGCAGGCUCUGGUG,32.58762118,0
1641,GUGGGGCAGGCUCUGGUGU,45.71215511,0
1642,GUGUGAGUUUCCACUCUGG,28.93363162,0
1643,GUGAGUUUCCACUCUGGUG,30.79791201,0
1644,GUUUCCACUCUGGUGACCU,29.67934377,0
1645,CUCUGGUGACCUUUGACUC,35.94332588,0
1646,ACCUUUGACUCCCGUAGGC,31.76733781,0
1647,UUGACUCCCGUAGGCGUUU,30.20134228,0
1648,CACGGGUGUGCAUACCCUG,47.35272185,0
1649,GGUGUGCAUACCCUGUUGC,45.93586875,0
1650,CAUACCCUGUUGCUCUCUC,36.24161074,0
1651,CCUGUUGCUCUCUCCCGCU,67.56152125,0
1652,GUUGCUCUCUCCCGCUGCC,53.8404176,0
1653,CUCUCUCCCGCUGCCCCUG,50.63385533,0
1654,CACUCCGACCCCUGACAGG,45.93586875,0
1655,ACCCCUGACAGGCAGGGGA,68.53094705,0
1656,GGGAAAGAAACUGUAGUCU,58.53840418,0
1657,AAAGAAACUGUAGUCUGCC,35.86875466,0
1658,AACUGUAGUCUGCCAGAUU,39.07531693,0
1659,CAGAUUCCACACCAUGUGG,70.02237136,0
1660,CACACCAUGUGGCAGAGAG,65.17524236,0
1661,AUGUGGCAGAGAGACAGAG,53.54213274,0
1662,GUGGCAGAGAGACAGAGCC,65.8463833,0
1663,UGGCAGAGAGACAGAGCCA,42.95302013,0
1664,GCAGAGAGACAGAGCCACC,46.68158091,0
1665,CCUGCUGCCUGUCCCCUGG,65.99552573,0
1666,CCCUGGGCUAUCUCCUGCC,49.5152871,0
1667,CUGCCACAGACCAGCUUCA,66.89038031,0
1668,CUUCAGAGAAGGAAGGAGU,62.19239374,0
1669,AGAGAAGGAAGGAGUCCUC,39.44817301,0
1670,GCUAGAGAUGGAAGUCUCA,75.4660701,0
1671,GAAGUCUCAGAAGCAGGGA,49.36614467,0
1672,AGGGAAGGUGGAUGAAGGC,36.09246831,0
1673,GCAGAAGGGCUCCAAAGCC,45.04101417,0
1674,GCUCCAAAGCCUAUGGGGA,73.30350485,0
1675,UGGGGAUAUUGCUCAGAAG,30.64876957,0
1676,UAUUGCUCAGAAGUUAAGU,32.36390753,0
1677,GUUAAGUAAGGAGCUCAUU,47.20357942,0
1678,CUCAUUCCUCAGAGGCAAG,55.40641312,0
1679,AAGAAUUCCUGGGUGUUCU,36.98732289,0
1680,UGGGUGUUCUGUAAAGGGU,35.49589858,0
1681,UAAAGGGUGGGGCGGAUUG,40.19388516,0
1682,CCUAAGUGGGCACCCUAAA,63.60924683,0
1683,AGACGCCUCAAGGGAGGCA,74.57121551,0
1684,GACGCCUCAAGGGAGGCAA,72.18493661,0
1685,CUGAAUCUCCAACUGCAAA,63.75838926,0
1686,CUUCUAAACUGGUGGAAUC,37.36017897,0
1687,AAUCUGGAGCAAGUUUCUU,41.08873975,0
1688,UCUGGAGCAAGUUUCUUCU,32.88590604,0
1689,UUUCUUCUCAGAGUCCACA,36.24161074,0
1690,UCAGAGUCCACAAGGAACA,29.67934377,0
1691,GUCCACAAGGAACAUCAGU,58.83668904,0
1692,ACGAACUUUCUCAGCCCCG,29.00820283,0
1693,GAACUUUCUCAGCCCCGGG,36.31618195,0
1694,UCUCAGCCCCGGGAUCACU,29.23191648,0
1695,GGUACAACUCUCCCUCAAG,52.72184937,0
1696,CAACUCUCCCUCAAGCCUA,42.8038777,0
1697,UCUCCCUCAAGCCUAAAUC,32.28933632,0
1698,UCCCUCAAGCCUAAAUCCA,39.29903057,0
1699,CCAGAAAGAGGGGACUAAG,34.75018643,0
1700,CUAAGGGCUCCUCAGGGAC,36.01789709,0
1701,GGGAGACUCCAGAGAGCAA,56.45041014,0
1702,ACUCCAGAGAGCAAGAGUA,56.82326622,0
1703,AGAGUAGAUGGAGGUCACA,27.81506339,0
1704,AUGGAGGUCACAGGAGGGC,33.6316182,0
1705,AUGGGAGAGGAAGCACACA,22.29679344,0
1706,CACAGUUCACAGGAACAAU,42.65473527,0
1707,CAGUUCACAGGAACAAUGA,50.26099925,0
1708,UCACAGGAACAAUGAAACG,59.58240119,0
1709,UGAAACGACCACGAACGAC,70.6935123,0
1710,UUUGUUUUCAACAUGGUAA,31.91648024,0
1711,CAACAUGGUAAGGGUUUUG,47.5764355,0
1712,CAUGGUAAGGGUUUUGACC,36.98732289,0
1713,AUGGUAAGGGUUUUGACCU,36.09246831,0
1714,CCUCAAAUGCUUAUCAGGU,65.10067114,0
1715,CGCCUCUUCCUUGAAGUUU,50.55928412,0
1716,AUUGCAGGUUUUCCUUCUC,41.01416853,0
1717,ACACAAAGGGUAUUGCAAG,44.74272931,0
1718,CAAAGGGUAUUGCAAGGAU,50.55928412,0
1719,CCUCAAAUAUAUGGGGAUA,63.75838926,0
1720,UCAAAUAUAUGGGGAUACC,43.10216257,0
1721,CAACUUGUACAGACGAACA,36.76360925,0
1722,AACUUGUACAGACGAACAA,58.61297539,0
1723,ACUUGUACAGACGAACAAG,59.50782998,0
1724,UACAGACGAACAAGACCUC,45.78672632,0
1725,GACCUCAUCUCCCAUACCG,36.76360925,0
1726,UCUCCCAUACCGGGUUCCG,62.86353468,0
1727,AAAAUGAGUUAGGCUGUCC,53.16927666,0
1728,CAAACUCAUCAGGCAGGUU,61.22296793,0
1729,GCAGGUUAUAAUAGAUAGU,68.53094705,0
1730,AGUGUAGCACAUAAAAUUU,65.10067114,0
1731,AUACAUCUCUCCUCCUUUG,26.02535421,0
1732,UCCUCCUUUGGUCUCACAC,26.9202088,0
1733,AGAAACAAUACAAUCCUCC,21.92393736,0
1734,AAACAAUACAAUCCUCCGA,59.20954512,0
1735,UCCGACCCUUCUCCCAGGU,42.13273676,0
1736,CCCUUCUCCCAGGUCAUCA,75.24235645,0
1737,GUCCUAGCCGUGUAAGGCC,55.25727069,0
1738,AUUGCUGCAUGGAGUCCUC,66.59209545,0
1739,GGUGAGCUCCAACUCCAAG,58.83668904,0
1740,UCCAACUCCAAGUCUCAGU,33.85533184,0
1741,AAGUCUCAGUGUCACAGGG,50.85756898,0
1742,GUCUCAGUGUCACAGGGAC,67.93437733,0
1743,AGUGUCACAGGGACCCAAA,62.11782252,0
1744,GUCACAGGGACCCAAAGUU,80.01491424,0
1745,GCACCUCAAAUUCAGGAAC,82.77404922,0
1746,CUCAAAUUCAGGAACACAC,75.61521253,0
1747,CCAGGAAUGAACGUUAUUC,50.18642804,0
1748,AUGUGAGCGCAUUUUCCAA,71.1409396,0
1749,UGUGAGCGCAUUUUCCAAA,64.50410142,0
1750,CAUUUUCCAAAUCAAAGUU,62.4906786,0
1751,UUCCAAAUCAAAGUUAUUU,47.65100671,0
1752,UCCAAAUCAAAGUUAUUUU,47.87472036,0
1753,AAACUCAUAUCGAGGUCGU,47.80014914,0
1754,AGACCAUAGCAGAAACGUA,53.24384787,0
1755,GAAGACAGAGGGGAAAAGA,73.67636092,0
1756,GAAAACAAAGGCUCUCUGG,33.1841909,0
1757,AAGGCUCUCUGGUUUCAGC,23.93736018,0
1758,UUUCAGCUUCUCCAGGGUG,50.26099925,0
1759,AGGGUGUCAUGUCAGCCAA,51.23042506,0
1760,UCGCCAUCACUCAACCAGA,43.54958986,0
1761,UGGAAACCGCGGACGGCUC,47.72557793,0
1762,GAAACCGCGGACGGCUCAC,46.1595824,0
1763,CGCGGACGGCUCACGAAGA,73.60178971,0
1764,AUCCGCCGCACGAGCUGCA,74.86950037,0
1765,CGAGCUGCACCAGCAUCUC,75.98806861,0
1766,CCAGCAUCUCGGCCAUCUU,75.31692767,0
1767,GGCCAUCUUCGCCAUCUCC,46.01043997,0
1768,CCAUCUUCGCCAUCUCCUG,38.9261745,0
1769,CGCCCUGCAGGUGGUUGAG,67.7852349,0
1770,GAGAGCGCUCUCCUCAGAG,63.60924683,0
1771,GCUCUCCUCAGAGGCCUCU,48.32214765,0
1772,ACCUGCGUCUUGAUCUGGA,59.28411633,0
1773,CAUAUUGUCCAUCUCCCAC,40.56674124,0
1774,UCUCCCACAGCUUGCCCCG,48.098434,0
1775,CUCCCACAGCUUGCCCCGG,66.51752424,0
1776,GCGCACGGGCGCGCGUCCG,85.30947054,0
1777,CGCGCUCGCGCGUCAGCGA,89.56002983,0
1778,UCUCGUGGAUGACGGGCAG,47.20357942,0
1779,AUGACGGGCAGCAGAAACU,50.63385533,0
1780,AGCAGAAACUGCUCGAAGU,61.67039523,0
1781,AGCACCUCCACCUCCUCGG,56.07755406,0
1782,GCCGCAUCUCCGCUGCUUU,73.45264728,0
1783,CGCAUCUCCGCUGCUUUGC,44.2207308,0
1784,UCUCCGCUGCUUUGCUUGU,53.31841909,0
1785,UAUUAACAUGUAAGAUUUU,42.95302013,0
1786,UAAGGGUUUUGACCUCAAA,38.40417599,0
1787,ACAUUUAUAGCUUGACUAC,34.1536167,0
1788,UAUAGCUUGACUACAUAUG,24.45935869,0
1789,UUGACUACAUAUGAACCUU,36.31618195,0
1790,GACGCCUCUUCCUUGAAGU,38.4787472,0
1791,GUUUUGGGUCCAUUGCAGG,35.71961223,0
1792,GGUAUUGCAAGGAUCUUUC,38.40417599,0
1793,AUAUGGGGAUACCAACUUG,53.39299031,0
1794,GAGUUAGGCUGUCCCAACA,36.16703952,0
1795,AUCAGGCAGGUUAUAAUAG,34.37733035,0
1796,GGCAGGUUAUAAUAGAUAG,32.58762118,0
1797,CAUAGAAACAAUACAAUCC,30.42505593,0
1798,UCCCAGGUCAUCAGUCCUA,47.50186428,0
1799,CCCAGGUCAUCAGUCCUAG,52.94556301,0
1800,CAUCAGUCCUAGCCGUGUA,53.91498881,0
1801,CACAGUCCCAGAUGAAGUC,38.55331842,0
1802,UUCUUCUGCCAUUGCUGCA,45.63758389,0
1803,CUUCUGCCAUUGCUGCAUG,41.01416853,0
1804,UGCAUGGAGUCCUCUUCUA,48.84414616,0
1805,GAACUUUCAGAGGCGGUGA,66.07009694,0
1806,GGCGGUGAGCUCCAACUCC,62.71439224,0
1807,CUCCAACUCCAAGUCUCAG,39.22445936,0
1808,CCAACUCCAAGUCUCAGUG,42.13273676,0
1809,GGGACCCAAAGUUCAGGGA,60.25354213,0
1810,GUUCAGGGAGCUAUCAGGU,48.91871738,0
1811,GGGAGCUAUCAGGUCACCC,35.04847129,0
1812,GCUAUCAGGUCACCCAAGA,65.99552573,0
1813,AGGUCACCCAAGAAAGAGC,28.56077554,0
1814,GAACACACCAAAGCCAGGA,50.11185682,0
1815,ACACCAAAGCCAGGAAUGA,60.77554064,0
1816,GUAUGUGAGCGCAUUUUCC,35.34675615,0
1817,AGCGCAUUUUCCAAAUCAA,49.21700224,0
1818,CCAUAGCAGAAACGUAGUG,56.748695,0
1819,AGCAGAAACGUAGUGUCAG,25.950783,0
1820,AACGUAGUGUCAGUGAGAA,46.1595824,0
1821,CGUAGUGUCAGUGAGAACA,48.62043251,0
1822,CAGAGUGAAGACAGAGGGG,34.75018643,0
1823,AAGGAAAACAAAGGCUCUC,20.6562267,0
1824,ACAAAGGCUCUCUGGUUUC,35.86875466,0
1825,UCAGCCAAUCGCCAUCACU,36.01789709,0
1826,UUCUCUAUCCGCCGCACGA,34.97390007,0
1827,UCUAUCCGCCGCACGAGCU,40.56674124,0
1828,CCGCCGCACGAGCUGCACC,34.07904549,0
1829,UCUCGGCCAUCUUCGCCAU,41.31245339,0
1830,GCGCCUUCUCGUCGGCCUU,52.94556301,0
1831,CGUCGGCCUUCUCCGCCCU,82.17747949,0
1832,CGGCCUUCUCCGCCCUGGG,51.08128262,0
1833,GCGGGGCUCGGCGCCGCCC,44.14615958,0
1834,GCCGCCCGCGCCCUGCAGG,54.58612975,0
1835,GGCCUCUACCUGCGUCUUG,45.41387025,0
1836,CUCUACCUGCGUCUUGAUC,46.30872483,0
1837,UGGAUCAGCAUAUUGUCCA,31.76733781,0
1838,UAUUGUCCAUCUCCCACAG,38.18046234,0
1839,CCAUCUCCCACAGCUUGCC,39.59731544,0
1840,CCCGGUUGCGCACGGGCGC,58.76211782,0
1841,UCAGCGACGCGAUGUCCUC,41.90902312,0
1842,CGUGGAUGACGGGCAGCAG,70.54436987,0
1843,GUGGAUGACGGGCAGCAGA,73.67636092,0
1844,CAGCAGAAACUGCUCGAAG,55.33184191,0
1845,UCCGGCUCCAGCACCUCCA,48.47129008,0
1846,UCCGCCAGCUCCACUGCGU,43.02759135,0
1847,CCGCCAGCUCCACUGCGUC,51.15585384,0
1848,GGCCGCAUCUCCGCUGCUU,68.08351976,0
1849,GCUUUGCUUGUCUGCACGA,49.58985831,0
1850,GCUUGUCUGCACGACACUC,51.67785235,0
1851,GACCGAGCUCGGGCCGAGU,54.13870246,0
1852,GUCUUCAAAACUUCCGCCG,29.3064877,0
1853,AAAACUUCCGCCGCUGUUC,37.13646532,0
1854,CUGCCUCUCAGCGGAUGUA,70.54436987,0
1855,CAGCCCUCCAGCUCAUUCU,43.84787472,0
1856,AGCCCUCCAGCUCAUUCUU,59.58240119,0
1857,UUGCGCCCCAGAACCGGCC,40.64131245,0
1858,GGCCCACCACCCUCCGCAC,60.92468307,0
1859,CCUCCUCUUCCCAGGAGCC,65.17524236,0
1860,GAGUCUCCUGGCUCCGUGU,63.60924683,0
1861,AGUCUCCUGGCUCCGUGUA,59.06040268,0
1862,CCGUGUAGACAGAGUUUCG,67.18866518,0
1863,UCAAAGGUGUCUUGGCGGG,57.04697987,0
1864,AGGUGUCUUGGCGGGAUAG,47.27815063,0
1865,GGCCAGGUGGGUGGUUGCU,76.4354959,0
1866,GGGGCUGGCCCAGCUCCCC,85.68232662,0
1867,GGUAGCCAUGGUGCGGUUC,63.4601044,0
1868,UCAGCAGCGGAUUGGGUGG,39.22445936,0
1869,CUUCCAGUAGGCUUCCAAG,54.58612975,0
1870,AGGCAUCUUCCAAUUGGUU,62.71439224,0
1871,CAAUUGGUUCUCGUCCAGG,40.19388516,0
1872,UGAUGAGCCUCUGCAGUAC,45.11558538,0
1873,AGCGAGGUUUUAGAGAGCU,58.1655481,0
1874,GAUCCGCUCGAUUUCACUC,36.68903803,0
1875,AUUUCACUCUGUACCUCAG,55.92841163,0
1876,CACUCUGUACCUCAGCCAG,74.049217,0
1877,GCGAGUGUUGGAGCGCUCG,88.66517524,0
1878,AUAAUGUGUUUGCUGGGGU,52.72184937,0
1879,UUGAGCGAUGGUCCCACCA,46.90529456,0
1880,GGGGCACGUGCUCUGUCGA,70.24608501,0
1881,UUCUGCUUCUGUUUGGCAC,38.77703207,0
1882,UGCUGGAGCUGAGGCGGUU,65.54809843,0
1883,GAGCUGAGGCGGUUUUGGC,59.65697241,0
1884,AGCAGGCGAAGGCUGUCCA,70.54436987,0
1885,GACAGGGCUGGGGAUGAAA,87.77032066,0
1886,UCCUUCACCAGCCUCCCGA,45.04101417,0
1887,CAGCCUCCCGAUCCACCAG,69.64951529,0
1888,UUCUCCUUGAUGUGCAGGA,29.90305742,0
1889,AUGUGCAGGAAGUCCUUGG,52.8709918,0
1890,ACUGGCACCUCAUCUCCUG,37.80760626,0
1891,ACGGAUUGUAGCCAACAUU,32.2147651,0
1892,CUUUCUCGAGCUGGGCUAA,52.49813572,0
1893,UUCUCGAGCUGGGCUAAGG,42.72930649,0
1894,GACACGUCGGAGUCUGACG,42.58016406,0
1895,CGGAGUCUGACGGCCGGCU,67.03952274,0
1896,GGCUCGUGUAGGACUCUGC,40.79045488,0
1897,GACCUUUUGAACCGCCCUU,56.97240865,0
1898,CUGUAUUUGCCCUGUGGGC,43.47501864,0
1899,AGACCUCCAUAGGGAUCUC,46.68158091,0
1900,UGUCGUCCUUUGUAAGACU,26.39821029,0
1901,UCCUUUGUAAGACUGAAGU,16.55480984,0
1902,CCUUUGUAAGACUGAAGUC,30.72334079,0
1903,AAGACUGAAGUCUUCUGAA,31.02162565,0
1904,ACUGAAGUCUUCUGAAUGA,59.20954512,0
1905,UGAAUGAUCUCCUUGAUAG,14.01938852,0
1906,UGAUCUCCUUGAUAGGUAG,14.69052946,0
1907,AUCUCCUUGAUAGGUAGGG,23.5645041,0
1908,AUAGGUAGGGUACAUCACA,19.91051454,0
1909,AGGUAGGGUACAUCACAGA,58.83668904,0
1910,GUAGGGUACAUCACAGAAC,21.84936614,0
1911,UAGGGUACAUCACAGAACU,13.19910515,0
1912,UCACAGAACUGGGAACAGA,25.72706935,0
1913,GAACUGGGAACAGAAGAGU,39.29903057,0
1914,CAGAAGAGUGACCCAGACC,44.96644295,0
1915,AAGAGUGACCCAGACCCAG,34.67561521,0
1916,GUGACCCAGACCCAGAGAG,45.48844146,0
1917,UGACCCAGACCCAGAGAGU,53.91498881,0
1918,CCCAGACCCAGAGAGUGGC,52.79642058,0
1919,CCAGACCCAGAGAGUGGCC,69.12751678,0
1920,GGCCAAGUUCAUGAGUGGC,53.61670395,0
1921,UCAUGAGUGGCAACAAACA,21.84936614,0
1922,GAGUGGCAACAAACAGGAA,71.96122297,0
1923,GGCAACAAACAGGAAGUUC,60.02982849,0
1924,GCAACAAACAGGAAGUUCA,74.86950037,0
1925,AAACAGGAAGUUCACGCCU,32.06562267,0
1926,AGGAAGUUCACGCCUGAGU,45.48844146,0
1927,GAAGUUCACGCCUGAGUCC,47.50186428,0
1928,UUCACGCCUGAGUCCUCAC,33.33333333,0
1929,UCACGCCUGAGUCCUCACC,29.45563013,0
1930,CACGCCUGAGUCCUCACCA,47.94929157,0
1931,ACGCCUGAGUCCUCACCAU,51.00671141,0
1932,CGCCUGAGUCCUCACCAUC,53.91498881,0
1933,GAGUCCUCACCAUCCGUCC,39.52274422,0
1934,AGUCCUCACCAUCCGUCCA,60.85011186,0
1935,UCCUCACCAUCCGUCCAGU,65.32438479,0
1936,CCUCACCAUCCGUCCAGUA,75.68978374,0
1937,UCACCAUCCGUCCAGUACU,32.51304996,0
1938,ACCAUCCGUCCAGUACUCA,52.94556301,0
1939,CCAUCCGUCCAGUACUCAU,68.7546607,0
1940,CAUCCGUCCAGUACUCAUC,34.82475764,0
1941,CCGUCCAGUACUCAUCCUU,43.47501864,0
1942,CAUCCUUGUCAAAGUGAGC,24.16107383,0
1943,UCAAAGUGAGCAUCUCCGC,19.09023117,0
1944,AAAGUGAGCAUCUCCGCCG,11.70768084,0
1945,GUGAGCAUCUCCGCCGAGG,46.23415362,0
1946,UGAGCAUCUCCGCCGAGGC,32.73676361,0
1947,AGCAUCUCCGCCGAGGCCU,48.91871738,0
1948,AUCUCCGCCGAGGCCUGGC,73.0797912,0
1949,UCCGCCGAGGCCUGGCCCC,62.11782252,0
1950,GCCGAGGCCUGGCCCCGGU,91.79716629,0
1951,CUGGCCCCGGUGCAAAGGC,75.68978374,0
1952,UGGCCCCGGUGCAAAGGCA,55.92841163,0
1953,AAAGGCAUGGCCUAGAGUG,24.83221477,0
1954,GCAUGGCCUAGAGUGUUUC,59.95525727,0
1955,CAUGGCCUAGAGUGUUUCC,33.10961969,0
1956,GGCCUAGAGUGUUUCCUGG,74.79492916,0
1957,CCUAGAGUGUUUCCUGGCC,59.35868755,0
1958,CUAGAGUGUUUCCUGGCCC,37.73303505,0
1959,GUUUCCUGGCCCAUCAAAU,92.17002237,0
1960,UGGCCCAUCAAAUGGGAAG,36.61446682,0
1961,GCCCAUCAAAUGGGAAGUU,99.85085757,0
1962,GUUGUCUCCGUGAUCUCCC,29.75391499,0
1963,UGUCUCCGUGAUCUCCCCU,24.08650261,0
1964,CUCCGUGAUCUCCCCUUGC,32.51304996,0
1965,UCCGUGAUCUCCCCUUGCG,27.44220731,0
1966,CGUGAUCUCCCCUUGCGAA,80.01491424,0
1967,UGAUCUCCCCUUGCGAAGC,21.47651007,0
1968,CCUUGCGAAGCCAAUUAUG,52.94556301,0
1969,CUUGCGAAGCCAAUUAUGA,43.69873229,0
1970,GAAGCCAAUUAUGAUGUCU,25.87621178,0
1971,AAGCCAAUUAUGAUGUCUG,23.41536167,0
1972,AGCCAAUUAUGAUGUCUGC,28.48620433,0
1973,CCCCAACUAACCCUCUUGA,69.57494407,0
1974,AGUGGGAUUUGCAUACUCC,27.8896346,0
1975,CUGGAAUGCCACUUAGGAC,18.34451902,0
1976,GAAUGCCACUUAGGACUGU,51.00671141,0
1977,UGCCACUUAGGACUGUUUG,39.44817301,0
1978,UUAGGACUGUUUGGCAUUA,21.70022371,0
1979,UGGCAUUAGUGAGAAUUCU,20.28337062,0
1980,GCAUUAGUGAGAAUUCUGC,29.67934377,0
1981,CAUUAGUGAGAAUUCUGCA,45.63758389,0
1982,UUAGUGAGAAUUCUGCAAC,8.948545861,0
1983,AGUGAGAAUUCUGCAACAU,40.19388516,0
1984,GUGAGAAUUCUGCAACAUC,10.96196868,0
1985,GAAUUCUGCAACAUCUGGC,25.35421327,0
1986,UUCUGCAACAUCUGGCACU,14.24310216,0
1987,UCUGCAACAUCUGGCACUC,22.44593587,0
1988,UGCAACAUCUGGCACUCCA,31.91648024,0
1989,AACAUCUGGCACUCCACAC,29.97762864,0
1990,UCUGGCACUCCACACCUGG,36.16703952,0
1991,CUGGCACUCCACACCUGGG,54.73527218,0
1992,GCACUCCACACCUGGGCUU,64.57867263,0
1993,CACUCCACACCUGGGCUUC,29.90305742,0
1994,CCACACCUGGGCUUCUGCA,54.28784489,0
1995,ACACCUGGGCUUCUGCAUU,35.79418345,0
1996,CUUCUGCAUUAUCUCCAUG,27.29306488,0
1997,UCUGCAUUAUCUCCAUGAC,14.24310216,0
1998,UGCAUUAUCUCCAUGACAC,16.3310962,0
1999,GGACAGCUUUCCAGUCUCC,33.85533184,0
2000,GCUUUCCAGUCUCCGGCAA,98.58314691,0
2001,UUCCAGUCUCCGGCAAACC,23.34079045,0
2002,UCCGGCAAACCGAAGAACU,59.88068606,0
2003,CCGGCAAACCGAAGAACUU,98.65771812,0
2004,GAACUUCUGCAUUUCCCUC,27.29306488,0
2005,AACUUCUGCAUUUCCCUCA,22.66964952,0
2006,ACUUCUGCAUUUCCCUCAG,37.80760626,0
2007,UCUGCAUUUCCCUCAGUUU,13.42281879,0
2008,CAUUUCCCUCAGUUUGUCC,38.10589113,0
2009,CCCUCAGUUUGUCCACUGC,75.91349739,0
2010,UCAGUUUGUCCACUGCACU,17.89709172,0
2011,CAGUUUGUCCACUGCACUG,25.42878449,0
2012,CCACUGCACUGGUGGCCUU,83.37061894,0
2013,GCACUGGUGGCCUUCUUUG,71.51379567,0
2014,ACUGGUGGCCUUCUUUGUU,35.04847129,0
2015,UGGUGGCCUUCUUUGUUUU,65.92095451,0
2016,UGGCCUUCUUUGUUUUAGA,28.63534676,0
2017,CUUCUUUGUUUUAGAGUCG,15.51081283,0
2018,CUUUGUUUUAGAGUCGUGA,19.46308725,0
2019,UGUUUUAGAGUCGUGAAGG,5.891126025,0
2020,UUUUAGAGUCGUGAAGGUA,17.97166294,0
2021,UUUAGAGUCGUGAAGGUAA,2.460850112,0
2022,UUAGAGUCGUGAAGGUAAA,17.97166294,0
2023,GAGUCGUGAAGGUAAAAUU,43.251305,0
2024,AGUCGUGAAGGUAAAAUUU,44.51901566,0
2025,UCGUGAAGGUAAAAUUUCC,5.369127517,0
2026,GUGAAGGUAAAAUUUCCUA,35.71961223,0
2027,AGGUAAAAUUUCCUAAGAU,40.64131245,0
2028,GGUAAAAUUUCCUAAGAUA,78.82177479,0
2029,AAAUUUCCUAAGAUAAUUC,13.34824758,0
2030,UUUCCUAAGAUAAUUCUGC,1.864280388,0
2031,CCUAAGAUAAUUCUGCGCC,0,0
2032,CUAAGAUAAUUCUGCGCCU,50.78299776,0
2033,AAGAUAAUUCUGCGCCUGU,43.62416107,0
2034,AUAAUUCUGCGCCUGUUCC,22.37136465,0
2035,UAAUUCUGCGCCUGUUCCC,30.20134228,0
2036,AAUUCUGCGCCUGUUCCCA,65.10067114,0
2037,CUGUUCCCACUGAAGUGCG,32.06562267,0
2038,UGUUCCCACUGAAGUGCGG,31.69276659,0
2039,CACUGAAGUGCGGUCACUU,40.56674124,0
2040,ACUGAAGUGCGGUCACUUC,69.79865772,0
2041,CUGAAGUGCGGUCACUUCU,75.4660701,0
2042,AGUGCGGUCACUUCUCCGG,29.60477256,0
2043,GGUCACUUCUCCGGCUUCC,38.10589113,0
2044,CACUUCUCCGGCUUCCUGG,46.1595824,0
2045,ACUUCUCCGGCUUCCUGGG,52.12527964,0
2046,GGCUUCCUGGGACAGUGGC,50.78299776,0
2047,UUCCUGGGACAGUGGCAGG,49.36614467,0
2048,UGGGACAGUGGCAGGGCCA,30.20134228,0
2049,AGUGGCAGGGCCAGGCAGC,52.05070843,0
2050,GGCCGAGCGGCCUCGGUCC,62.19239374,0
2051,GGCCUCGGUCCCGAAGUCC,59.88068606,0
2052,CCUCGGUCCCGAAGUCCUU,56.2266965,0
2053,UCGGUCCCGAAGUCCUUGA,54.28784489,0
2054,CGGUCCCGAAGUCCUUGAG,53.31841909,0
2055,GUCCCGAAGUCCUUGAGCU,51.75242356,0
2056,CCCGAAGUCCUUGAGCUCC,44.07158837,0
2057,CGAAGUCCUUGAGCUCCGA,53.91498881,0
2058,GAGCUCCGACUGGUUGUGG,39.74645787,0
2059,AGCGGGUGAGGCGCUUGCA,50.63385533,0
2060,GGUGAGGCGCUUGCACUUG,48.69500373,0
2061,ACUUGCACGAGGCCACCAG,60.85011186,0
2062,GAGGCCACCAGGCGCACCU,46.90529456,0
2063,CCAGGCGCACCUUGCGCGC,69.20208799,0
2064,CGCACCUUGCGCGCGCGCG,54.8098434,0
2065,CACCUUGCGCGCGCGCGGC,57.41983594,0
2066,GCGCGCGCGGCGCCUCACC,80.61148397,0
2067,GCGCGCGGCGCCUCACCAC,51.37956749,0
2068,CGCGGCGCCUCACCACCGG,73.30350485,0
2069,CGCCUCACCACCGGGACAC,53.09470544,0
2070,CCACCGGGACACAGCAGCU,50.78299776,0
2071,CACGCGCUGCGCGCGGUAG,62.34153617,0
2072,ACGCGCUGCGCGCGGUAGC,61.37211037,0
2073,GUCGGGCCCACUAGGUCGC,50.78299776,0
2074,CCACUAGGUCGCCACCACU,41.16331096,0
2075,ACUAGGUCGCCACCACUUG,51.901566,0
2076,CACCACUUGCCGCGGCCGA,50.78299776,0
2077,GCGGCCGAUGGCGUUGGGC,52.05070843,0
2078,UGGCGUUGGGCAGCAGGCG,51.82699478,0
2079,UUGGGCAGCAGGCGCGCCG,36.91275168,0
2080,GCAGGCGCGCCGGGCCGCA,61.14839672,0
2081,GGGCCGCACUGGCCGGAGC,60.47725578,0
2082,CACACCAGCUCGGUGACCG,61.0738255,0
2083,CUCGGUGACCGGCUUGGCG,55.92841163,0
2084,GGUGACCGGCUUGGCGCUG,62.34153617,0
2085,GACCGGCUUGGCGCUGCGG,61.74496644,0
2086,CGGCUUGGCGCUGCGGCAC,63.01267711,0
2087,GCUUGGCGCUGCGGCACGG,62.34153617,0
2088,GCUGCGGCACGGCCCAUCG,61.96868009,0
2089,CUGCGGCACGGCCCAUCGG,59.50782998,0
2090,CCCAUCGGUCACGUAGCGG,51.75242356,0
2091,CCAUCGGUCACGUAGCGGG,42.13273676,0
2092,CGGUCACGUAGCGGGUGAA,57.12155108,0
2093,GGUCACGUAGCGGGUGAAG,55.70469799,0
2094,GUAGCGGGUGAAGUGCAGC,43.7733035,0
2095,GGGUGAAGUGCAGCUCGCG,59.1349739,0
2096,GGUGAAGUGCAGCUCGCGG,50.18642804,0
2097,GCAGCUGUACUCGGACACG,59.1349739,0
2098,CAGCUGUACUCGGACACGU,44.14615958,0
2099,AGCUGUACUCGGACACGUC,43.47501864,0
2100,CUGUACUCGGACACGUCUU,35.04847129,0
2101,CUUUGGUCUCAAAGGGGUG,46.1595824,0
2102,GGUGGUGGGGAGGCCGCCC,52.05070843,0
2103,GGGAGGCCGCCCUCCGUUC,60.77554064,0
2104,UCUCCGCCCGGUUCAUGGU,48.17300522,0
2105,UCCGCCCGGUUCAUGGUCU,41.23788218,0
2106,CCCGGUUCAUGGUCUUGUU,48.02386279,0
2107,CGGUUCAUGGUCUUGUUGU,61.0738255,0
2108,GUUGUUCUCCAGCUCCGGU,37.88217748,0
2109,UGUUCUCCAGCUCCGGUGG,35.34675615,0
2110,UCUCCAGCUCCGGUGGAGG,48.69500373,0
2111,GCUCGGGGUACUCUCCGAG,66.89038031,0
2112,CUCUCCGAGCUCGGGGAUG,62.0432513,0
2113,CCGAGCUCGGGGAUGAUUU,62.86353468,0
2114,UCCGUGGCAUCAUUCUUGA,48.76957494,0
2115,UGGCAUCAUUCUUGAACGC,30.35048471,0
2116,CAUCAUUCUUGAACGCCUG,38.55331842,0
2117,CUUGAACGCCUGCCACCCC,63.68381805,0
2118,AACGCCUGCCACCCCUGGC,42.05816555,0
2119,CCUGCCACCCCUGGCCCUC,46.97986577,0
2120,GCCACCCCUGGCCCUCCAC,60.62639821,0
2121,CACCCCUGGCCCUCCACUA,46.30872483,0
2122,ACCCCUGGCCCUCCACUAC,52.64727815,0
2123,CCUGGCCCUCCACUACACG,54.73527218,0
2124,CUGGCCCUCCACUACACGG,58.83668904,0
2125,CUGACAGCGCCACCGCAGC,39.97017151,0
2126,CCACCGCAGCACCGUGAGG,47.72557793,0
2127,ACCGCAGCACCGUGAGGUG,58.01640567,0
2128,GAGGUGCACGGACUUGGAC,58.46383296,0
2129,GUGCACGGACUUGGACGGC,50.70842655,0
2130,GGACUUGGACGGCUUGCAC,43.7733035,0
2131,UGGACGGCUUGCACACCAU,35.71961223,0
2132,ACGGCUUGCACACCAUGCC,41.01416853,0
2133,GGCUUGCACACCAUGCCCU,43.54958986,0
2134,CGGAGCACGAGCGCUUACU,61.96868009,0
2135,CACGAGCGCUUACUGAAGC,36.83818046,0
2136,GCGCUUACUGAAGCAGCUG,57.86726324,0
2137,CGCUUACUGAAGCAGCUGC,52.94556301,0
2138,CGCGGCCAAAAGCGGCUGC,65.398956,0
2139,AAAAGCGGCUGCCCAGGUC,42.50559284,0
2140,AAGCGGCUGCCCAGGUCGU,61.89410887,0
2141,GCGGCUGCCCAGGUCGUUC,55.92841163,0
2142,CGGCUGCCCAGGUCGUUCC,61.59582401,0
2143,CCAGGUCGUUCCACGCGUA,61.37211037,0
2144,UCGUUCCACGCGUACAGCA,36.46532438,0
2145,UCCACGCGUACAGCACGGG,55.03355705,0
2146,GCGUACAGCACGGGGCAGA,54.51155854,0
2147,GUACAGCACGGGGCAGAAU,61.96868009,0
2148,ACAGCACGGGGCAGAAUGU,55.25727069,0
2149,ACGGGGCAGAAUGUCUGCG,60.47725578,0
2150,CGGGGCAGAAUGUCUGCGA,64.50410142,0
2151,GGCAGAAUGUCUGCGACCA,69.79865772,0
2152,CAGAAUGUCUGCGACCACA,57.12155108,0
2153,UGUCUGCGACCACAGCCAC,37.88217748,0
2154,CUGCGACCACAGCCACAUC,39.07531693,0
2155,UAACUUCCUCCGCAGCUUC,23.93736018,0
2156,UCCUCCGCAGCUUCUUGCU,27.14392245,0
2157,CGCAGCUUCUUGCUUAGGC,36.09246831,0
2158,GCUUCUUGCUUAGGCGCUG,53.31841909,0
2159,CUUGCUUAGGCGCUGCUUC,38.10589113,0
2160,UUAGGCGCUGCUUCUUGCC,31.91648024,0
2161,UAGGCGCUGCUUCUUGCCC,30.42505593,0
2162,GCUUCUUGCCCUGGGCCAA,69.35123043,0
2163,CAAGCCCUCGGAGAACUCU,58.91126025,0
2164,GAACUCUAGCCCUUUGAUC,41.61073826,0
2165,UCUAGCCCUUUGAUCUCGC,27.8896346,0
2166,CCCCGACGGCCGCUGCCGC,47.42729306,0
2167,CCGCUGCCGCAGCAGCUGG,41.61073826,0
2168,GCUGCCGCAGCAGCUGGUC,58.83668904,0
2169,GCAGCAGCUGGUCCAGCUC,46.45786726,0
2170,GCUGGUCCAGCUCCGCCAG,56.2266965,0
2171,GCGAGGUGGCCAUGAAGCC,51.82699478,0
2172,UGGCCAUGAAGCCUGGGUC,38.40417599,0
2173,CCCGAGCAGCGAGCGCAGC,49.96271439,0
2174,GAGCAGCGAGCGCAGCAGC,41.23788218,0
2175,AGCAGCGAGCGCAGCAGCG,45.26472782,0
2176,CAGCGAGCGCAGCAGCGUC,47.1290082,0
2177,GCGCAGCAGCGUCUCGUUC,44.74272931,0
2178,GCAGCAGCGUCUCGUUCAG,65.02609993,0
2179,GUUCAGAUCCUUUUCCUUG,29.08277405,0
2180,CCUUGGGGUCAAAGAUAGG,33.55704698,0
2181,GGGUCAAAGAUAGGGUCUG,33.78076063,0
2182,GGGUCUGGGUGUUCGAUGA,49.44071588,0
2183,GUCUGGGUGUUCGAUGAGG,40.8650261,0
2184,UCUGGGUGUUCGAUGAGGU,24.08650261,0
2185,UGUUCGAUGAGGUCCACCA,28.11334825,0
2186,UUCGAUGAGGUCCACCAGG,39.07531693,0
2187,GGGGCAGGUUGUCGCUGGG,49.21700224,0
2188,UUGUCGCUGGGUGCCGGGC,34.07904549,0
2189,UCGCUGGGUGCCGGGCGGA,46.30872483,0
2190,CGCUGGGUGCCGGGCGGAU,68.15809098,0
2191,GGGUGCCGGGCGGAUGUGG,61.67039523,0
2192,GCCGGGCGGAUGUGGAGAU,55.10812826,0
2193,GGGCGGAUGUGGAGAUAGU,60.62639821,0
2194,GGAGAUAGUGCUGGCCGCC,34.82475764,0
2195,GAUAGUGCUGGCCGCCGGC,38.70246085,0
2196,UUCCAGAGCUCGGCAGCAU,36.98732289,0
2197,UCCAGAGCUCGGCAGCAUG,32.51304996,0
2198,AGCUCGGCAGCAUGUGUGU,41.8344519,0
2199,CUCGGCAGCAUGUGUGUUC,33.1841909,0
2200,UCGGCAGCAUGUGUGUUCA,35.49589858,0
2201,AUGUGUGUUCAAGGGACUA,43.251305,0
2202,UUCAAGGGACUAUCAAUGU,32.28933632,0
2203,UCAAGGGACUAUCAAUGUU,30.57419836,0
2204,CUAUCAAUGUUGGGUUCUC,50.55928412,0
2205,AUCAAUGUUGGGUUCUCCU,29.75391499,0
2206,AAUGUUGGGUUCUCCUAGA,33.78076063,0
2207,UGUUGGGUUCUCCUAGAAG,35.79418345,0
2208,UUGGGUUCUCCUAGAAGGC,30.79791201,0
2209,GUUCUCCUAGAAGGCUCUG,43.69873229,0
2210,UCCUAGAAGGCUCUGGAUG,41.38702461,0
2211,UAGAAGGCUCUGGAUGGAG,38.9261745,0
2212,CUGGAUGGAGAGCAGAAUG,40.56674124,0
2213,GGAGAGCAGAAUGGUCCUG,66.14466816,0
2214,AGCAGAAUGGUCCUGACAU,57.86726324,0
2215,GCAGAAUGGUCCUGACAUC,63.60924683,0
2216,GAAUGGUCCUGACAUCAUA,76.06263982,0
2217,GGUCCUGACAUCAUACAGG,68.68008949,0
2218,CCUGACAUCAUACAGGGCA,62.11782252,0
2219,ACAUCAUACAGGGCAGACC,58.61297539,0
2220,CAUCAUACAGGGCAGACCA,78.67263236,0
2221,UCAUACAGGGCAGACCACU,54.43698732,0
2222,GGCAGACCACUUUUCCUUC,52.79642058,0
2223,GACCACUUUUCCUUCAGGA,46.45786726,0
2224,CACUUUUCCUUCAGGAUGU,65.54809843,0
2225,UUCCUUCAGGAUGUCCAGG,44.66815809,0
2226,UCCUUCAGGAUGUCCAGGC,36.01789709,0
2227,CCUUCAGGAUGUCCAGGCA,63.31096197,0
2228,AGGAUGUCCAGGCAUAUGU,43.54958986,0
2229,GGCAUAUGUUACCCUGGGU,70.46979866,0
2230,UUACCCUGGGUGUCCACGU,38.10589113,0
2231,GGGUGUCCACGUUGGGGUG,91.349739,0
2232,GUCCACGUUGGGGUGAUAG,42.43102163,0
2233,UCCACGUUGGGGUGAUAGC,33.33333333,0
2234,CGUUGGGGUGAUAGCAGGG,60.40268456,0
2235,GUUGGGGUGAUAGCAGGGC,52.72184937,0
2236,UAGCAGGGCGUGAGGAACU,37.06189411,0
2237,AGCAGGGCGUGAGGAACUU,61.96868009,0
2238,GCAGGGCGUGAGGAACUUC,69.50037286,0
2239,GUGAGGAACUUCACUGUGG,44.59358688,0
2240,GAGGAACUUCACUGUGGGC,65.17524236,0
2241,GGAACUUCACUGUGGGCGC,47.1290082,0
2242,ACUUCACUGUGGGCGCAUU,57.04697987,0
2243,UUCACUGUGGGCGCAUUGU,30.12677107,0
2244,GUGGGCGCAUUGUAAGGGU,64.65324385,0
2245,CGCAUUGUAAGGGUAGCCA,54.28784489,0
2246,GCAUUGUAAGGGUAGCCAC,34.52647278,0
2247,CAUUGUAAGGGUAGCCACU,42.65473527,0
2248,UGUAAGGGUAGCCACUGGG,36.09246831,0
2249,GUAAGGGUAGCCACUGGGG,49.5152871,0
2250,GUAGCCACUGGGGAACUCU,35.12304251,0
2251,UAGCCACUGGGGAACUCUA,49.88814318,0
2252,GCCACUGGGGAACUCUAGC,48.5458613,0
2253,CCACUGGGGAACUCUAGCG,35.19761372,0
2254,GAACUCUAGCGAGAGCUUA,55.10812826,0
2255,UCUAGCGAGAGCUUAUACC,31.91648024,0
2256,CUAGCGAGAGCUUAUACCU,31.09619687,0
2257,AGCGAGAGCUUAUACCUCA,39.8956003,0
2258,GCGAGAGCUUAUACCUCAG,43.47501864,0
2259,GAGAGCUUAUACCUCAGGU,39.67188665,0
2260,GAGCUUAUACCUCAGGUCU,46.53243848,0
2261,AGCUUAUACCUCAGGUCUU,65.398956,0
2262,CCUCAGGUCUUCAUAUACU,42.43102163,0
2263,CUCAGGUCUUCAUAUACUG,38.70246085,0
2264,UCAGGUCUUCAUAUACUGU,34.30275913,0
2265,AGGUCUUCAUAUACUGUUC,35.19761372,0
2266,CUUCAUAUACUGUUCCAGC,32.58762118,0
2267,UUCAUAUACUGUUCCAGCU,27.29306488,0
2268,UAUACUGUUCCAGCUGCUC,36.46532438,0
2269,ACUGUUCCAGCUGCUCCAU,36.98732289,0
2270,CCAGCUGCUCCAUGGAUGG,39.82102908,0
2271,CAGCUGCUCCAUGGAUGGU,53.69127517,0
2272,UGGGUUGGUCAAAGCCGCG,37.06189411,0
2273,CACUCCCACAGAAGUAAAG,49.5152871,0
2274,AAGCCUUCAGGAGGGUGCG,49.36614467,0
2275,AACCUGAAGUUGUAGCCUG,28.78448919,0
2276,AAACGCUGUCGAGCCGGGU,29.8284862,0
2277,UCGAGCCGGGUGAAGGAGU,40.19388516,0
2278,CCCAGGCCUUGUCCAAGUC,30.64876957,0
2279,UUGACCACGUCCCCUACCC,29.23191648,0
2280,AGAUGGGGCAGAAAGGGUC,50.93214019,0
2281,UGUCCGGGUGGAAGCGGCA,30.12677107,0
2282,AACGGAUGCUGUUCUUGAU,47.35272185,0
2283,UUGAUGAAAAUAGUGAAGU,30.72334079,0
2284,CAUCAUGAUGGGCGUUUCC,44.2207308,0
2285,GUUUCCACUGUGUCCACCU,31.84190902,0
2286,CCACCUCCGUGGGGCACCA,89.93288591,0
2287,GCCCGCACUGGCUGUCUGA,82.25205071,0
2288,ACACAGCGGUAUUUCUCCU,46.45786726,0
2289,CACAGCGGUAUUUCUCCUC,49.73900075,0
2290,CCUCACUCUCUGGGCAGAA,66.96495153,0
2291,UCACUCUCUGGGCAGAAUC,27.74049217,0
2292,UCUCUGGGCAGAAUCCUUG,24.08650261,0
2293,AGAAUCCUUGCAUCUGAUU,40.93959732,0
2294,UCAGUAACAAUCAUCUUGG,26.24906786,0
2295,AUGACAAAGACCGAGGUGC,35.94332588,0
2296,GAGGUGCCCUGAGGUGGCG,90.30574198,0
2297,GGCGUCACGUAAUCAGACA,67.85980611,0
2298,GUCACGUAAUCAGACACAU,74.72035794,0
2299,CAUGACUCUGUUGGCGUAG,60.17897092,0
2300,AAUGGCUGUGUCCCGUACC,54.36241611,0
2301,UGCAAGAAAACCCACCCUA,38.70246085,0
2302,GAGAUGAUCAGAAGCUGAA,65.10067114,0
2303,CUGAACUACUCGGUUGAUG,44.29530201,0
2304,CUCGGUUGAUGAUCCCGAU,70.6935123,0
2305,GGUUGAUGAUCCCGAUGGU,81.28262491,0
2306,CUCUUCACAACCACCGACU,51.60328113,0
2307,CGGUGGACUGCUUCUCCGC,39.00074571,0
2308,GACUGCUUCUCCGCUGUGG,53.24384787,0
2309,GCGAUUUUCAGCGUAGUCU,42.50559284,0
2310,CAGCGUAGUCUCAUUCACC,34.89932886,0
2311,AACUUCUUGGCUUUGUACU,25.80164057,0
2312,UUCUUGGCUUUGUACUGGU,38.18046234,0
2313,GGCUUUGUACUGGUCGGCC,49.29157345,0
2314,UUGAGGAAGUUGAGCAGGA,32.66219239,0
2315,UCCCACAGAAGUAAAGGCC,40.19388516,0
2316,CCACAGAAGUAAAGGCCGC,54.21327368,0
2317,GAUGAUGGUGGGGAUGAUG,71.29008203,0
2318,CUUCAGGAGGGUGCGGUAC,72.33407905,0
2319,GGGACACGCUGCUUUUCUC,49.06785981,0
2320,UCUCAGAAACGCUGUCGAG,52.12527964,0
2321,CAGAAACGCUGUCGAGCCG,35.86875466,0
2322,AGAAACGCUGUCGAGCCGG,26.9202088,0
2323,AGGAGUAUUUGGGGAUGCA,58.01640567,0
2324,AAGUCGCACACCCAGCCGA,42.50559284,0
2325,CACACCCAGCCGAUCUUAA,58.68754661,0
2326,CCAGCCGAUCUUAAUGCCC,55.48098434,0
2327,UGCGCGCCAGUUUGGCAAA,72.18493661,0
2328,UGGCAAAAUCCUGCCCCGC,49.44071588,0
2329,GCAAAAUCCUGCCCCGCAA,75.09321402,0
2330,GACCACGUCCCCUACCCGC,72.25950783,0
2331,ACGUCCCCUACCCGCAAGA,43.40044743,0
2332,CCGCAAGAUGGGGCAGAAA,73.75093214,0
2333,GGUGGAAGCGGCAGGUCUU,70.24608501,0
2334,UCUUCAUGUCCCUGGCUGU,41.75988069,0
2335,UUCAUGUCCCUGGCUGUCA,32.51304996,0
2336,CAUGUCCCUGGCUGUCAGG,75.09321402,0
2337,UGGCUGUCAGGUUGGGAAG,50.55928412,0
2338,UUCUUGAUGAAAAUAGUGA,40.64131245,0
2339,UAGUGAAGUUCUCAGCUUC,33.78076063,0
2340,CCAUCAUGAUGGGCGUUUC,63.68381805,0
2341,AGCCCUGGAUCUCACAGGU,62.56524981,0
2342,ACAGGUCCGGAGCACAGAG,68.7546607,0
2343,GUCCGGAGCACAGAGCUGU,55.85384042,0
2344,CACAGAGCUGUAGUUCACG,68.68008949,0
2345,UGUAGUUCACGCAGCGGCC,46.08501119,0
2346,ACGCAGCGGCCAGUGAGGA,87.77032066,0
2347,CCUUGCAUCUGAUUUUCAG,36.24161074,0
2348,AUCUGAUUUUCAGUAACAA,59.65697241,0
2349,UCUGAUUUUCAGUAACAAU,44.36987323,0
2350,UGAUGAUGACAAAGACCGA,45.71215511,0
2351,CCGAGGUGCCCUGAGGUGG,47.65100671,0
2352,AGGUGCCCUGAGGUGGCGU,93.58687547,0
2353,GGUGGCGUCACGUAAUCAG,62.71439224,0
2354,UCCAUGACUCUGUUGGCGU,33.48247576,0
2355,UUGGCGUAGAGUCCGGAGC,34.89932886,0
2356,GAGCCCUUCACCUUGGUUA,87.91946309,0
2357,AAAACCCACCCUACAAAGU,33.33333333,0
2358,GAUGAUCAGAAGCUGAACU,46.08501119,0
2359,AUCAGAAGCUGAACUACUC,31.54362416,0
2360,GAAGCUGAACUACUCGGUU,53.76584638,0
2361,GAUGAUCCCGAUGGUCCAG,54.73527218,0