ID,20mer,expression,stdev
1,UUCUCUGGAAUGCCUGCAC,75,0
2,GCUUUCUCUGGAAUGCCUG,15,0
3,AACGCUUUCUCUGGAAUGC,15,0
4,UUAAACGCUUUCUCUGGAA,75,0
5,AAAUUAAACGCUUUCUCUG,15,0
6,AGUUGAUAUCCAAGUUAAA,75,0
7,CCACUCCAAAAUUGUCUUG,75,0
8,UAGAUCGAUCACUUAUCUG,15,0
9,UCUGUGGUCGAGAAGCACU,15,0
10,CACAUCCUUCACGAUCUCG,75,0
11,GGCCAGGCAGGGGUCUCCA,75,0
12,CCUGAAGCGCCGGCCACCU,75,0
13,GUGCCUGAAGCGCCGGCCA,75,0
14,GUAGUGCCUGAAGCGCCGG,15,0
15,UUUGUAGUGCCUGAAGCGC,15,0
16,GUAUUUGUAGUGCCUGAAG,75,0
17,ACAGUAUUUGUAGUGCCUG,15,0
18,GCCACAGUAUUUGUAGUGC,75,0
19,UGUAGACUUGAUUGACGGG,75,0
20,UGCCAAGUACGUCUGCUUC,15,0
21,AGGUGUGAACUCUGGGGAG,75,0
22,CGAGGUUUGUCUCCAGGUA,75,0
23,UCCUUCUGACUAAAGUCCG,75,0
24,GGGGAGUUCUCCUUCCAGC,75,0
25,GGAAGUUGUACUUGGCAAU,75,0
26,CCCACCUUGUUUUUGGCUU,75,0
27,GGUUCUCAAAGUACACCUC,75,0
28,ACCUUUGGUUUAAUGAGGC,15,0
29,UGGCGUCGUUCUUAAUGCA,15,0
30,GUUGCGUCAUGACUGAGGC,15,0
31,AGCGAGAACUUGAGGAGAC,15,0
32,AUUUCUUCUCUCUCAGGGC,15,0
33,CUUCAGGGGAAUUCUUGGA,75,0
34,GGCACCAGGUCCAUGAUCU,15,0
35,AAACUCUAAGAAGGCGAGU,15,0
36,UUGCUUGUCCCACAGCCCA,75,0
37,ACUCUUAGUGCCACUGAAG,15,0
38,GAUGAAGUGCUUGUACACG,15,0
39,CAGUCGGGGGACCGGGGCA,75,0
40,AAACUUGGCCCUGUACUUA,75,0
41,AUGUCAUACUUAGCUGUAA,75,0
42,AAUCAUCUUGAUGGCAUAC,15,0
43,CGCAGCUCCGACUCACACA,75,0
44,GACGCACCCGACGCAGCAC,15,0
45,CAGAUACCGGACGCCAUCC,75,0
46,GUAGUAGAGCAGAUUCUCA,15,0
47,GAGCUCCUGCAGGUCCUCC,17,0
48,AUUGAGCUCCUGCAGGUCC,55,0
49,CCUCGCGGCUGACCACCUC,20,0
50,CGCUUCUCACUGAGAGCAG,12,0
51,UGUUCUUCUGGAAGUCCAG,2,0
52,AGCUCCUUCUUAUACUGCU,16,0
53,CAGCUCCUUCUUAUACUGC,18,0
54,CCAGCUCCUUCUUAUACUG,5,0
55,UCCAGCUCCUUCUUAUACU,5,0
56,CUCCAGCUCCUUCUUAUAC,4,0
57,UCUCCAGCUCCUUCUUAUA,10,0
58,UUCUCCAGCUCCUUCUUAU,4,0
59,CUUCUCCAGCUCCUUCUUA,33,0
60,UCUUCUCCAGCUCCUUCUU,13,0
61,GUCUUCUCCAGCUCCUUCU,4,0
62,AGUCUUCUCCAGCUCCUUC,7,0
63,AAGUCUUCUCCAGCUCCUU,9,0
64,UAAGUCUUCUCCAGCUCCU,2,0
65,AUAAGUCUUCUCCAGCUCC,5,0
66,AAUAAGUCUUCUCCAGCUC,4,0
67,GAAUAAGUCUUCUCCAGCU,4,0
68,AGAAUAAGUCUUCUCCAGC,4,0
69,CAGAAUAAGUCUUCUCCAG,2,0
70,GCAGAAUAAGUCUUCUCCA,19,0
71,GGCAGAAUAAGUCUUCUCC,5,0
72,UGGCAGAAUAAGUCUUCUC,3,0
73,CUGCCUGGCAUUGUCCAGC,16,0
74,CUCAGCAGACUGCCUGGCA,19,0
75,GUCCUCCAGGUCUCGAAGC,4,0
76,UCGUCCAGCUGCUGCUGCA,8,0
77,CUCCAUGUCCAGGGCCAGC,21,0
78,GUGGACUCCAGUUUGCGCU,2,0
79,CUGGUCCUCAUUGGACUUG,21,0
80,AGCCCAGAUCGUCACCACC,8,0
81,GCCCCAGGUGUUCUGUGCC,14,0
82,AUGAGAGCCGUACGCAGGC,3,0
83,GCUUGCGCAUGGCCACUUC,30,0
84,CCAGCUUGCGCAUGGCCAC,26,0
85,UGAGCCGCUGGCAGAUGCC,8,0
86,GUAGGAGCGGGUGACCAGA,17,0
87,CCCAGGAGGUAGGAGCGGG,29,0
88,AGGGUUAUUUUUCUUUGGC,4,0
89,GAAAAAAACCAAAGGGUUA,48,0
90,AACCACUGUAGAAAAUAAC,2,0
91,CAGAAGUCCGGGUUCUCCU,19,0
92,GUUCUUGGCGGCUGUCUGU,42,0
93,CCCAGGAAGAUGAUGAGGU,51,0
94,ACUGUCUGGCACAUGUUUG,12,0
95,GGCGAGGCGUGCUGCACUC,105,0
96,CCAUUCCUGCACCAGAUUC,41,0
97,CAGCCAUUCCUGCACCAGA,70,0
98,CAUGUCUCCAGGCUCAAAG,20,0
99,GAACAUGAUCGUCUCAGUC,15,0
100,UCAAUGGCGUCGUCGAACA,23,0
101,CUGGUGAGCUGGCCCGCCC,80,0
102,GUGGGAGUGGUCGGCAGUG,110,0
103,AACAUCCGGCCGGGCGCCG,40,0
104,UCGCUCUCGGUAACAUCCG,68,0
105,AACGGCGGCGGGAAGUUCA,36.7,0
106,ACAACGGCGGCGGGAAGUU,81.6,0
107,CAACAACGGCGGCGGGAAG,52.8,0
108,AACAACAACGGCGGCGGGA,56.2,0
109,AAAACAACAACGGCGGCGG,49,0
110,CCAAAACAACAACGGCGGC,86.2,0
111,CUCCAAAACAACAACGGCG,25.2,0
112,UGCUCCAAAACAACAACGG,10.7,0
113,CGUGCUCCAAAACAACAAC,67.4,0
114,UCCGUGCUCCAAAACAACA,17.5,0
115,UUUCCGUGCUCCAAAACAA,10.8,0
116,UCUUUCCGUGCUCCAAAAC,127.8,0
117,CGUCUUUCCGUGCUCCAAA,110.4,0
118,AUCGUCUUUCCGUGCUCCA,47.8,0
119,UCAUCGUCUUUCCGUGCUC,79.7,0
120,CGUCAUCGUCUUUCCGUGC,60.8,0
121,UCCGUCAUCGUCUUUCCGU,26.2,0
122,UUUCCGUCAUCGUCUUUCC,12.4,0
123,UUUUUCCGUCAUCGUCUUU,26.1,0
124,UCUUUUUCCGUCAUCGUCU,6.9,0
125,UCUCUUUUUCCGUCAUCGU,19.3,0
126,GAUCUCUUUUUCCGUCAUC,52.4,0
127,ACGAUCUCUUUUUCCGUCA,11.2,0
128,CCACGAUCUCUUUUUCCGU,41.2,0
129,AUCCACGAUCUCUUUUUCC,8.7,0
130,UAAUCCACGAUCUCUUUUU,8.8,0
131,CGUAAUCCACGAUCUCUUU,52.6,0
132,GACGUAAUCCACGAUCUCU,17.2,0
133,GCGACGUAAUCCACGAUCU,33,0
134,UGGCGACGUAAUCCACGAU,55.8,0
135,ACUGGCGACGUAAUCCACG,12.9,0
136,UGACUGGCGACGUAAUCCA,6.4,0
137,CUUGACUGGCGACGUAAUC,4,0
138,UACUUGACUGGCGACGUAA,7.1,0
139,GUUACUUGACUGGCGACGU,15.9,0
140,UUGUUACUUGACUGGCGAC,55.1,0
141,GGUUGUUACUUGACUGGCG,20.5,0
142,GCGGUUGUUACUUGACUGG,33.9,0
143,UCGCGGUUGUUACUUGACU,11.5,0
144,UUUCGCGGUUGUUACUUGA,11.5,0
145,UUUUUCGCGGUUGUUACUU,23.4,0
146,ACUUUUUCGCGGUUGUUAC,14.5,0
147,CAACUUUUUCGCGGUUGUU,105.7,0
148,CGCAACUUUUUCGCGGUUG,101.3,0
149,CGCGCAACUUUUUCGCGGU,70.1,0
150,UCCGCGCAACUUUUUCGCG,67.9,0
151,CCUCCGCGCAACUUUUUCG,21.4,0
152,CUCCUCCGCGCAACUUUUU,61.2,0
153,AACUCCUCCGCGCAACUUU,4.5,0
154,ACAACUCCUCCGCGCAACU,6.4,0
155,ACACAACUCCUCCGCGCAA,75.1,0
156,AAACACAACUCCUCCGCGC,13.2,0
157,ACAAACACAACUCCUCCGC,7.7,0
158,CCACAAACACAACUCCUCC,6.8,0
159,GUCCACAAACACAACUCCU,12.5,0
160,UCGUCCACAAACACAACUC,4.7,0
161,CUUCGUCCACAAACACAAC,9.9,0
162,UACUUCGUCCACAAACACA,9.2,0
163,GGUACUUCGUCCACAAACA,64.1,0
164,UCGGUACUUCGUCCACAAA,118,0
165,UUUCGGUACUUCGUCCACA,22.2,0
166,CCUUUCGGUACUUCGUCCA,29.7,0
167,GACCUUUCGGUACUUCGUC,10.3,0
168,AAGACCUUUCGGUACUUCG,6.9,0
169,GUAAGACCUUUCGGUACUU,35.7,0
170,CGGUAAGACCUUUCGGUAC,19.6,0
171,UCCGGUAAGACCUUUCGGU,5.3,0
172,UUUCCGGUAAGACCUUUCG,5,0
173,GUUUUCCGGUAAGACCUUU,28.9,0
174,GAGUUUUCCGGUAAGACCU,9.9,0
175,UCGAGUUUUCCGGUAAGAC,39,0
176,CGUCGAGUUUUCCGGUAAG,5.7,0
177,UGCGUCGAGUUUUCCGGUA,4.1,0
178,CUUGCGUCGAGUUUUCCGG,5.1,0
179,UUCUUGCGUCGAGUUUUCC,7.3,0
180,UUUUCUUGCGUCGAGUUUU,5.4,0
181,AUUUUUCUUGCGUCGAGUU,9.8,0
182,UGAUUUUUCUUGCGUCGAG,7,0
183,UCUGAUUUUUCUUGCGUCG,4.1,0
184,UCUCUGAUUUUUCUUGCGU,12.4,0
185,UCUCUCUGAUUUUUCUUGC,4.9,0
186,GAUCUCUCUGAUUUUUCUU,31.9,0
187,AGGAUCUCUCUGAUUUUUC,13.2,0
188,UGAGGAUCUCUCUGAUUUU,11.6,0
189,UAUGAGGAUCUCUCUGAUU,8.3,0
190,UUUAUGAGGAUCUCUCUGA,4.4,0
191,CCUUUAUGAGGAUCUCUCU,7.4,0
192,GGCCUUUAUGAGGAUCUCU,61.3,0
193,UUGGCCUUUAUGAGGAUCU,21.8,0
194,UCUUGGCCUUUAUGAGGAU,112.8,0
195,UAUCCACUGUUUUUGGAAC,11.9,0
196,AUUAUCCACUGUUUUUGGA,24.7,0
197,AAAUUAUCCACUGUUUUUG,9.8,0
198,CAAAAUUAUCCACUGUUUU,50.5,0
199,CACAAAAUUAUCCACUGUU,83.7,0
200,GCCACAAAAUUAUCCACUG,60.3,0
201,AGGCCACAAAAUUAUCCAC,45,0
202,UAAGGCCACAAAAUUAUCC,16.1,0
203,GCUAAGGCCACAAAAUUAU,67.2,0
204,UAGCUAAGGCCACAAAAUU,18.7,0
205,UGUAGCUAAGGCCACAAAA,48,0
206,CCUGUAGCUAAGGCCACAA,84,0
207,CUCCUGUAGCUAAGGCCAC,39.7,0
208,CUCUCCUGUAGCUAAGGCC,5.4,0
209,UUCUCUCCUGUAGCUAAGG,22.8,0
210,CUUUCUCUCCUGUAGCUAA,69.3,0
211,UCCUUUCUCUCCUGUAGCU,24.2,0
212,AAUCCUUUCUCUCCUGUAG,6.1,0
213,CAAAUCCUUUCUCUCCUGU,15.1,0
214,GCCAAAUCCUUUCUCUCCU,11.6,0
215,UAGCCAAAUCCUUUCUCUC,6.6,0
216,UGUAGCCAAAUCCUUUCUC,7.7,0
217,UUUGUAGCCAAAUCCUUUC,5.8,0
218,UUUUUGUAGCCAAAUCCUU,18.1,0
219,UGUUUUUGUAGCCAAAUCC,16.5,0
220,GCUGUUUUUGUAGCCAAAU,86.2,0
221,UUGCUGUUUUUGUAGCCAA,32,0
222,AUUUGCUGUUUUUGUAGCC,22.6,0
223,GAAUUUGCUGUUUUUGUAG,28.8,0
224,UGGAAUUUGCUGUUUUUGU,21.5,0
225,GAUGGAAUUUGCUGUUUUU,92.4,0
226,ACGAUGGAAUUUGCUGUUU,92.7,0
227,ACACGAUGGAAUUUGCUGU,8.1,0
228,UUACACGAUGGAAUUUGCU,13.6,0
229,GAUUACACGAUGGAAUUUG,7.7,0
230,UUGAUUACACGAUGGAAUU,12.6,0
231,CCUUGAUUACACGAUGGAA,54.1,0
232,GUCCUUGAUUACACGAUGG,12.6,0
233,AAGUCCUUGAUUACACGAU,13.3,0
234,UGAAGUCCUUGAUUACACG,11.2,0
235,CAUGAAGUCCUUGAUUACA,36.1,0
236,AUCAUGAAGUCCUUGAUUA,12.1,0
237,GGAUCAUGAAGUCCUUGAU,33.6,0
238,CUGGAUCAUGAAGUCCUUG,25.6,0
239,CCCUGGAUCAUGAAGUCCU,17.1,0
240,CGCCCUGGAUCAUGAAGUC,48.8,0
241,UCCGCCCUGGAUCAUGAAG,11.3,0
242,UCUCCGCCCUGGAUCAUGA,7.2,0
243,AGUCUCCGCCCUGGAUCAU,51.5,0
244,GAAGUCUCCGCCCUGGAUC,7.3,0
245,GUGAAGUCUCCGCCCUGGA,58.2,0
246,UGGUGAAGUCUCCGCCCUG,53.2,0
247,CCUGGUGAAGUCUCCGCCC,11,0
248,CCCCUGGUGAAGUCUCCGC,23.4,0
249,CUCCCCUGGUGAAGUCUCC,19.1,0
250,AUCUCCCCUGGUGAAGUCU,12.4,0
251,CCAUCUCCCCUGGUGAAGU,58.1,0
252,UGCCAUCUCCCCUGGUGAA,82.4,0
253,UGUGCCAUCUCCCCUGGUG,26.2,0
254,CCUGUGCCAUCUCCCCUGG,78.6,0
255,CUCCUGUGCCAUCUCCCCU,23.9,0
256,UCCUCCUGUGCCAUCUCCC,19.6,0
257,UUUCCUCCUGUGCCAUCUC,29.5,0
258,UCUUUCCUCCUGUGCCAUC,15.1,0
259,GCUCUUUCCUCCUGUGCCA,44.1,0
260,AUGCUCUUUCCUCCUGUGC,9.2,0
261,AGAUGCUCUUUCCUCCUGU,25.5,0
262,GUAGAUGCUCUUUCCUCCU,41.1,0
263,CCGUAGAUGCUCUUUCCUC,41.6,0
264,CACCGUAGAUGCUCUUUCC,6.7,0
265,CUCACCGUAGAUGCUCUUU,49.3,0
266,CGCUCACCGUAGAUGCUCU,28.3,0
267,AGCGCUCACCGUAGAUGCU,35.9,0
268,GAAGCGCUCACCGUAGAUG,11,0
269,GGGAAGCGCUCACCGUAGA,97.2,0
270,CGGGGAAGCGCUCACCGUA,109.9,0
271,AUCGGGGAAGCGCUCACCG,19.8,0
272,UCAUCGGGGAAGCGCUCAC,16.1,0
273,UCUCAUCGGGGAAGCGCUC,13.5,0
274,GUUCUCAUCGGGGAAGCGC,7.3,0
275,AAGUUCUCAUCGGGGAAGC,32.2,0
276,UGAAGUUCUCAUCGGGGAA,16.2,0
277,UUUGAAGUUCUCAUCGGGG,15.3,0
278,AGUUUGAAGUUCUCAUCGG,14.9,0
279,UCAGUUUGAAGUUCUCAUC,10.3,0
280,CUUCAGUUUGAAGUUCUCA,58.3,0
281,UGCUUCAGUUUGAAGUUCU,54.6,0
282,AGUGCUUCAGUUUGAAGUU,30.8,0
283,GUAGUGCUUCAGUUUGAAG,26.9,0
284,CCGUAGUGCUUCAGUUUGA,81.9,0
285,GUUCUUGGCGGCUGUCUGU,48.66,0
286,AGAUGAUGAGGUUCUUGGC,9.18,0
287,CUGUAGUCAUCUGGGUACU,98.15,0
288,CCAUUCCUGCACCAGAUUC,46.08,0
289,CAUGUCUCCAGGCUCAAAG,21.99,0
290,UCAAUGGCGUCGUCGAACA,28.99,0
291,UAUAGGAGGACCGUGUAGG,37.63,0
292,GUAUAGGAGGACCGUGUAG,78.76,0
293,AUAGCCUGGACCGUUUCCG,19.79,0
294,ACAUAGCCUGGACCGUUUC,94.04,0
295,CAUGACGUGCGCUAUGAAG,83.5,0
296,GCUCAUUCCAGGCAUCCCA,95.1,0
297,UAAGCUUUCAUGGCAUCUU,49.26,0
298,GUAAGCUUUCAUGGCAUCU,109.13,0
299,UUGUUGAUGUAAGCUUUCA,66.28,0
300,UCUUUAGCUCUUCUACUUU,28.23,0
301,UAUUUUUUCUUUAGCUCUU,32,0
302,AACAAGGCAUUGUCUCAGU,93.99,0
303,GGAAAGUCAGUAAUCGUUU,118.58,0
304,ACUCAAGGAAAGUCAGUAA,108.35,0
305,GCACUUGGCAAAGCCGCCC,69.38,0
306,AGAGACUUAGGCACAAUCU,31.52,0
307,GGAUAUUUCCAUGGACAUC,56.15,0
308,UUCACCUCCAGAUCUUCAU,45.02,0
309,CACAUCCACCUCGAAACUG,47.45,0
310,UUAGGCAAGAAGUCUCAAA,17.8,0
311,GGAAUACUGUAUUCAUUCU,42.04,0
312,AUGAGGCGUGUUGAGUCAU,41.63,0
313,UAUUUAAGGAGGGUGAUCU,27.47,0
314,UCAUGUAAUUGCGGAAAUA,42.88,0
315,CCCUUUUGGCUCCCCCCUG,124.42,0
316,UGAUGACCCUUUUGGCUCC,11.31,0
317,GAGAUGAUGACCCUUUUGG,6.1,0
318,AGGGGGCAGAGAUGAUGAC,30.18,0
319,GAACAUGGGGGCAUCAGCA,87.27,0
320,UUCACACCCAUGACGAACA,19.66,0
321,UCAUGGUUCACACCCAUGA,39.45,0
322,UACUUCUCAUGGUUCACAC,7.29,0
323,UUGUCAUACUUCUCAUGGU,7.48,0
324,UGUUGUCAUACUUCUCAUG,7.61,0
325,UGAGGCUGUUGUCAUACUU,5.83,0
326,CUUGAGGCUGUUGUCAUAC,22.37,0
327,AUCUUGAGGCUGUUGUCAU,41.71,0
328,UGAUCUUGAGGCUGUUGUC,5.79,0
329,GGAGGCAUUGCUGAUGAUC,29.2,0
330,GCUAAGCAGUUGGUGGUGC,61.4,0
331,GGAUGACCUUGGCCAGGGG,102.51,0
332,UCAUGGAUGACCUUGGCCA,8.53,0
333,CACGAUACCAAAGUUGUCA,56.99,0
334,ACUGUGGUCAUGAGUCCUU,117.38,0
335,UUUGUAUUCAGCCCAUAUC,8.06,0
336,UUUUAGAAUCCAUGAUAAU,44.49,0
337,CAAAUAUCCGAGUGUAGUA,61.39,0
338,UAUUUGUCAAUCAGAGUGC,9.46,0
339,GGAUUGUUUACAUAACCGG,58.4,0
340,CGCUUCCGGAUUGUUUACA,90.09,0
341,GGCGUUGGUCGCUUCCGGA,10.3,0
342,UACUUAAUCAGAGACUUCA,8.1,0
343,GUACUUAAUCAGAGACUUC,65.33,0
344,UUUAUGAGGAUCUCUCUGA,11.34,0
345,UCUUUAUGUUUUUGGCGUC,18,0
346,UUCUUUAUGUUUUUGGCGU,5,0
347,GGGCCUUUCUUUAUGUUUU,94,0
348,CCGGGCCUUUCUUUAUGUU,90,0
349,GGCGCCGGGCCUUUCUUUA,98,0
350,UAGAAUGGCGCCGGGCCUU,80,0
351,AGCGGAUAGAAUGGCGCCG,47,0
352,UCUUCCAGCGGAUAGAAUG,8,0
353,GUUCCAUCUUCCAGCGGAU,75,0
354,CCAGCGGUUCCAUCUUCCA,90,0
355,UGCUCUCCAGCGGUUCCAU,65,0
356,UUUCAUAGCUUCUGCCAAC,8,0
357,CGCGCCCAACACCGGCAUA,82,0
358,UAAAUAACGCGCCCAACAC,10,0
359,CGCGGGCGCAACUGCAACU,67,0
360,UUAUAAAUGUCGUUCGCGG,8,0
361,GGGAGCUUUUUUUGCACGU,72,0
362,UAAUUUUUUGGAUGAUUGG,3,0
363,AUUCAUUAAAACCGGGAGG,28,0
364,AAUAGGAUCUCUGGCAUGC,8,0
365,UUAAAAUCGCAGUAUCCGG,8,0
366,AUUAAGACGACUCGAAAUC,1,0
367,UAUUUGUCAAUCAGAGUGC,8,0
368,AUUAGAUAAAUCGUAUUUG,18,0
369,CCCUCGGGUGUAAUCAGAA,90,0
370,CCGCGCCCGGUUUAUCAUC,49,0
371,AACUUUACCGACCGCGCCC,8,0
372,AAAAUGGAACAACUUUACC,5,0
373,UACAUAACCGGACAUAAUC,4,0
374,UUAAUCAGAGACUUCAGGC,8,0
375,CGGCGGCGGGAAGUUCACC,92,0
376,AAACAACAACGGCGGCGGG,55,0
377,AAAACAACAACGGCGGCGG,30,0
378,CAAAACAACAACGGCGGCG,50,0
379,UGAUUUUUCUUGCGUCGAG,12,0
380,CGGGCGGACAUGGGGAGAU,75,0
381,GGGGCCGCAGCUUACACAU,75,0
382,AAUGCUAGUUCGCUUUCUC,15,0
383,UACAGAACCAUACUCGAAC,15,0
384,AUCUUUUGCCCUUCUGGCG,15,0
385,CCGGGCCGCCGAACAUCCU,75,0
386,CGCCCGGGGACGAGGCGUA,75,0
387,UUGAACUCGGUGUUGAUGG,15,0
388,UCUUAUUCUGCUGCUCCAG,15,0
389,CGCGGGCUUUGUCGUUGGU,75,0
390,AAGAUUGCAGGGUGUUUUC,15,0
391,UUUCAUAUUGCUGACGUAC,15,0
392,AUUUGUACCAUUCUUCUGC,15,0
393,UCAUAUUCUGAAUCUCAUC,15,0
394,UAUUCACGAAGGUGACGAG,15,0
395,UAACAUUGAGCAGGUCUUG,15,0
396,AAAAGUUUGGAAGAGGCAG,15,0
397,UUUUUGAGUGGGUAUCAAC,15,0
398,GCGAGAGGCGGACGGGACC,100,0
399,CCGGGCGCCUCGGAAGACC,100,0
400,AUGGCUGCAGCUUCCGAGA,60,0
401,CCCCGCGGCUGCUCACAGG,75,0
402,UCAGGAGAAGCCGAGGAAG,38,0
403,CGGGAGGUGCCGCCGCCGC,80,0
404,CCCGGGUCCCUGGAUGUGC,68,0
405,UCCUCCGAACGGCUGCCUC,42,0
406,UUCUCCUCAGCAGCCAGAG,48,0
407,CCGCUUGGCUCUGGACCGC,69,0
408,UUCUUCUGCAGGAUGGAAA,73,0
409,UGGAUAAAUAUAGGUCAAG,52,0
410,AUCAAUAUUGUUCCUGUAU,51,0
411,AUUAAAUUUGGCGGUGUCA,35,0
412,UCAAGAUCUUCACAAAAGG,27,0
413,CAUUACACCAGUUCGUCCC,25,0
414,UUGUCUCUGGUCCUUACUU,25,0
415,CACAUAGCGCCUCUGACUG,27,0
416,GGAAUAUAUCUUCACCUUU,91,0
417,UGGAAGAACUCUACUUUGA,70,0
418,AUGAAGAAUGUAUUUACCC,30,0
419,CGGUUGGCUUUGUCUUUAU,100,0
420,CUGCUAGCCUCUGGAUUUG,56,0
421,CUCUGGAUCAGAGUCAGUG,85,0
422,UUAUUUUCAUGGUGUUUUA,42,0
423,UUGUUCCUAUAACUGGUAA,60,0
424,AGUGUCAAAACCCUGUGGA,55,0
425,AACUGGAAUAAAACGGGAA,62,0
426,CACUUCAGUUGGUGACAGA,75,0
427,GUAGCAAAACCUUUCGGAA,68,0
428,AAAUUAUUUCCUUUCUGAG,70,0
429,GUAAAUAGCUGGAGAUGGU,94,0
430,CCAGAUUAAUAACUGUAGC,63,0
431,ACCCCAAUACAGAUUCACU,61,0
432,CAUUGUUGCUGUGUUUCUU,70,0
433,AUGUUUCAAGCCCAUUCUU,60,0
434,GAGGAGCUCAGCGUCGACU,100,0
435,GCUGAGGUUGCAACUCUGA,99,0
436,CAGGCAGGAGCAACUCCUU,115,0
437,UGAAUAGCACAUUGGUUGG,93,0
438,CCCACUGGCUGCCAAGAGG,82,0
439,CUCUCCUCACCAGCACCGU,120,0
440,AAGGUCUGGAGCUGGUAGG,55,0
441,CGUGUCCACCUCUAGGACC,90,0
442,CAGUGCCAGGUGGACCUGG,79,0
443,CAGUAUUACUGCACACGUC,70,0
444,CUCUGGCUUCGUCAGAAUC,110,0
445,GUGGCCUUCAGCAGGAGCU,90,0
446,AUACAGGACACGAAGCUCC,42,0
447,AUCCUUUAGACACUUGAGC,60,0
448,CUCCUGGCCCGACAGAGGU,95,0
449,CUACCACAGUGAUGAUGAC,65,0
450,UGUGUGUUCGGUUUCAUGG,41,0
451,GAGGCGUGGCUUGUGUGUU,99,0
452,CUGUCCCGGGAUAGGUUCA,80,0
453,GAGGAAGAGGCCCUGUCCC,48,0
454,CCACUCUGUUCAGUGUGGC,79,0
455,CUGACUGAGGACAAUGCCC,38,0
456,AGGUGUGCAGGUACCAUGG,25,0
457,CUCUCAUCAGGCUAGACUU,50,0
458,CAGUUGUAUGUCCUCAUGG,42,0
459,GGCCUCAGCAUACCCAAUA,57,0
460,UGCUACACAUGUCUAUGGA,37,0
461,CCCAAGCUGGCAUCCGUCA,71,0
462,GUGCCCAAGCUGGCAUCCG,76,0
463,AGUGCCCAAGCUGGCAUCC,60,0
464,CUCCGUGAGGCCAGAGACC,93,0
465,AGGCACUCUCCUGCAGUGU,100,0
466,AAAGGCAGGUUGGCCAAUG,72,0
467,GUAAUCUCUGAACCUGUGA,66,0
468,UCCAGACAUGACCGCUGAG,67,0
469,UGGAGCUGCAAUAGUGCAA,95,0
470,ACACAUACACACACACACA,93,0
471,CUGAGGUGGGAGGAUCACU,55,0
472,GUGUGGUGUUGUGAGCCUA,59,0
473,UAACACAAAGGAAGUCUGG,52,0