siRNA,mRNA,label
AUGGUGAGCAAGGGCGAGG,ACCACCCCGGUGAACAGCUCCUCGCCCUUGCUCACCAUXXXXXXXXXXXXXXXXXXX,0.5475
UGGUGAGCAAGGGCGAGGA,CACCACCCCGGUGAACAGCUCCUCGCCCUUGCUCACCAUXXXXXXXXXXXXXXXXXX,0.7771
GGUGAGCAAGGGCGAGGAG,GCACCACCCCGGUGAACAGCUCCUCGCCCUUGCUCACCAUXXXXXXXXXXXXXXXXX,0.6016
GUGAGCAAGGGCGAGGAGC,GGCACCACCCCGGUGAACAGCUCCUCGCCCUUGCUCACCAUXXXXXXXXXXXXXXXX,0.3857
UGAGCAAGGGCGAGGAGCU,GGGCACCACCCCGGUGAACAGCUCCUCGCCCUUGCUCACCAUXXXXXXXXXXXXXXX,0.6508
GAGCAAGGGCGAGGAGCUG,UGGGCACCACCCCGGUGAACAGCUCCUCGCCCUUGCUCACCAUXXXXXXXXXXXXXX,0.4455
AGCAAGGGCGAGGAGCUGU,AUGGGCACCACCCCGGUGAACAGCUCCUCGCCCUUGCUCACCAUXXXXXXXXXXXXX,0.5361
GCAAGGGCGAGGAGCUGUU,GAUGGGCACCACCCCGGUGAACAGCUCCUCGCCCUUGCUCACCAUXXXXXXXXXXXX,0.7564
CAAGGGCGAGGAGCUGUUC,GGAUGGGCACCACCCCGGUGAACAGCUCCUCGCCCUUGCUCACCAUXXXXXXXXXXX,0.423
AAGGGCGAGGAGCUGUUCA,AGGAUGGGCACCACCCCGGUGAACAGCUCCUCGCCCUUGCUCACCAUXXXXXXXXXX,0.5628
AGGGCGAGGAGCUGUUCAC,CAGGAUGGGCACCACCCCGGUGAACAGCUCCUCGCCCUUGCUCACCAUXXXXXXXXX,0.7397
GGGCGAGGAGCUGUUCACC,CCAGGAUGGGCACCACCCCGGUGAACAGCUCCUCGCCCUUGCUCACCAUXXXXXXXX,0.5245
GGCGAGGAGCUGUUCACCG,ACCAGGAUGGGCACCACCCCGGUGAACAGCUCCUCGCCCUUGCUCACCAUXXXXXXX,0.3159
GCGAGGAGCUGUUCACCGG,GACCAGGAUGGGCACCACCCCGGUGAACAGCUCCUCGCCCUUGCUCACCAUXXXXXX,0.662
CGAGGAGCUGUUCACCGGG,CGACCAGGAUGGGCACCACCCCGGUGAACAGCUCCUCGCCCUUGCUCACCAUXXXXX,0.3928
GAGGAGCUGUUCACCGGGG,UCGACCAGGAUGGGCACCACCCCGGUGAACAGCUCCUCGCCCUUGCUCACCAUXXXX,0.122
AGGAGCUGUUCACCGGGGU,CUCGACCAGGAUGGGCACCACCCCGGUGAACAGCUCCUCGCCCUUGCUCACCAUXXX,0.5006
GGAGCUGUUCACCGGGGUG,GCUCGACCAGGAUGGGCACCACCCCGGUGAACAGCUCCUCGCCCUUGCUCACCAUXX,0.6602
GAGCUGUUCACCGGGGUGG,AGCUCGACCAGGAUGGGCACCACCCCGGUGAACAGCUCCUCGCCCUUGCUCACCAUX,0.5108
AGCUGUUCACCGGGGUGGU,CAGCUCGACCAGGAUGGGCACCACCCCGGUGAACAGCUCCUCGCCCUUGCUCACCAU,0.606
GCUGUUCACCGGGGUGGUG,CCAGCUCGACCAGGAUGGGCACCACCCCGGUGAACAGCUCCUCGCCCUUGCUCACCA,0.4841
CUGUUCACCGGGGUGGUGC,UCCAGCUCGACCAGGAUGGGCACCACCCCGGUGAACAGCUCCUCGCCCUUGCUCACC,0.3358
UGUUCACCGGGGUGGUGCC,GUCCAGCUCGACCAGGAUGGGCACCACCCCGGUGAACAGCUCCUCGCCCUUGCUCAC,0.5498
GUUCACCGGGGUGGUGCCC,CGUCCAGCUCGACCAGGAUGGGCACCACCCCGGUGAACAGCUCCUCGCCCUUGCUCA,0.2946
UUCACCGGGGUGGUGCCCA,CCGUCCAGCUCGACCAGGAUGGGCACCACCCCGGUGAACAGCUCCUCGCCCUUGCUC,0.2544
UCACCGGGGUGGUGCCCAU,GCCGUCCAGCUCGACCAGGAUGGGCACCACCCCGGUGAACAGCUCCUCGCCCUUGCU,0.4492
CACCGGGGUGGUGCCCAUC,CGCCGUCCAGCUCGACCAGGAUGGGCACCACCCCGGUGAACAGCUCCUCGCCCUUGC,0.3048
ACCGGGGUGGUGCCCAUCC,UCGCCGUCCAGCUCGACCAGGAUGGGCACCACCCCGGUGAACAGCUCCUCGCCCUUG,0.2839
CCGGGGUGGUGCCCAUCCU,GUCGCCGUCCAGCUCGACCAGGAUGGGCACCACCCCGGUGAACAGCUCCUCGCCCUU,0.4766
CGGGGUGGUGCCCAUCCUG,CGUCGCCGUCCAGCUCGACCAGGAUGGGCACCACCCCGGUGAACAGCUCCUCGCCCU,0.3244
GGGGUGGUGCCCAUCCUGG,ACGUCGCCGUCCAGCUCGACCAGGAUGGGCACCACCCCGGUGAACAGCUCCUCGCCC,0.1703
GGGUGGUGCCCAUCCUGGU,UACGUCGCCGUCCAGCUCGACCAGGAUGGGCACCACCCCGGUGAACAGCUCCUCGCC,0.61
GGUGGUGCCCAUCCUGGUC,UUACGUCGCCGUCCAGCUCGACCAGGAUGGGCACCACCCCGGUGAACAGCUCCUCGC,0.4256
GUGGUGCCCAUCCUGGUCG,UUUACGUCGCCGUCCAGCUCGACCAGGAUGGGCACCACCCCGGUGAACAGCUCCUCG,0.2727
UGGUGCCCAUCCUGGUCGA,GUUUACGUCGCCGUCCAGCUCGACCAGGAUGGGCACCACCCCGGUGAACAGCUCCUC,0.5246
GGUGCCCAUCCUGGUCGAG,CGUUUACGUCGCCGUCCAGCUCGACCAGGAUGGGCACCACCCCGGUGAACAGCUCCU,0.3035
GUGCCCAUCCUGGUCGAGC,CCGUUUACGUCGCCGUCCAGCUCGACCAGGAUGGGCACCACCCCGGUGAACAGCUCC,0.1764
UGCCCAUCCUGGUCGAGCU,GCCGUUUACGUCGCCGUCCAGCUCGACCAGGAUGGGCACCACCCCGGUGAACAGCUC,0.542
GCCCAUCCUGGUCGAGCUG,GGCCGUUUACGUCGCCGUCCAGCUCGACCAGGAUGGGCACCACCCCGGUGAACAGCU,0.3976
CCCAUCCUGGUCGAGCUGG,UGGCCGUUUACGUCGCCGUCCAGCUCGACCAGGAUGGGCACCACCCCGGUGAACAGC,0.3397
CCAUCCUGGUCGAGCUGGA,GUGGCCGUUUACGUCGCCGUCCAGCUCGACCAGGAUGGGCACCACCCCGGUGAACAG,0.641
CAUCCUGGUCGAGCUGGAC,UGUGGCCGUUUACGUCGCCGUCCAGCUCGACCAGGAUGGGCACCACCCCGGUGAACA,0.5928
AUCCUGGUCGAGCUGGACG,UUGUGGCCGUUUACGUCGCCGUCCAGCUCGACCAGGAUGGGCACCACCCCGGUGAAC,0.3137
UCCUGGUCGAGCUGGACGG,CUUGUGGCCGUUUACGUCGCCGUCCAGCUCGACCAGGAUGGGCACCACCCCGGUGAA,0.4878
CCUGGUCGAGCUGGACGGC,ACUUGUGGCCGUUUACGUCGCCGUCCAGCUCGACCAGGAUGGGCACCACCCCGGUGA,0.3394
CUGGUCGAGCUGGACGGCG,AACUUGUGGCCGUUUACGUCGCCGUCCAGCUCGACCAGGAUGGGCACCACCCCGGUG,0.3057
UGGUCGAGCUGGACGGCGA,GAACUUGUGGCCGUUUACGUCGCCGUCCAGCUCGACCAGGAUGGGCACCACCCCGGU,0.7683
GGUCGAGCUGGACGGCGAC,UGAACUUGUGGCCGUUUACGUCGCCGUCCAGCUCGACCAGGAUGGGCACCACCCCGG,0.7154
GUCGAGCUGGACGGCGACG,CUGAACUUGUGGCCGUUUACGUCGCCGUCCAGCUCGACCAGGAUGGGCACCACCCCG,0.2497
UCGAGCUGGACGGCGACGU,GCUGAACUUGUGGCCGUUUACGUCGCCGUCCAGCUCGACCAGGAUGGGCACCACCCC,0.2891
CGAGCUGGACGGCGACGUA,CGCUGAACUUGUGGCCGUUUACGUCGCCGUCCAGCUCGACCAGGAUGGGCACCACCC,0.5217
GAGCUGGACGGCGACGUAA,ACGCUGAACUUGUGGCCGUUUACGUCGCCGUCCAGCUCGACCAGGAUGGGCACCACC,0.5928
AGCUGGACGGCGACGUAAA,CACGCUGAACUUGUGGCCGUUUACGUCGCCGUCCAGCUCGACCAGGAUGGGCACCAC,0.4473
GCUGGACGGCGACGUAAAC,ACACGCUGAACUUGUGGCCGUUUACGUCGCCGUCCAGCUCGACCAGGAUGGGCACCA,0.5712
CUGGACGGCGACGUAAACG,GACACGCUGAACUUGUGGCCGUUUACGUCGCCGUCCAGCUCGACCAGGAUGGGCACC,0.3717
UGGACGGCGACGUAAACGG,GGACACGCUGAACUUGUGGCCGUUUACGUCGCCGUCCAGCUCGACCAGGAUGGGCAC,0.3238
GGACGGCGACGUAAACGGC,CGGACACGCUGAACUUGUGGCCGUUUACGUCGCCGUCCAGCUCGACCAGGAUGGGCA,0.3507
GACGGCGACGUAAACGGCC,CCGGACACGCUGAACUUGUGGCCGUUUACGUCGCCGUCCAGCUCGACCAGGAUGGGC,0.4473
ACGGCGACGUAAACGGCCA,GCCGGACACGCUGAACUUGUGGCCGUUUACGUCGCCGUCCAGCUCGACCAGGAUGGG,0.6859
CGGCGACGUAAACGGCCAC,CGCCGGACACGCUGAACUUGUGGCCGUUUACGUCGCCGUCCAGCUCGACCAGGAUGG,0.7094
GGCGACGUAAACGGCCACA,UCGCCGGACACGCUGAACUUGUGGCCGUUUACGUCGCCGUCCAGCUCGACCAGGAUG,0.4403
GCGACGUAAACGGCCACAA,CUCGCCGGACACGCUGAACUUGUGGCCGUUUACGUCGCCGUCCAGCUCGACCAGGAU,0.4996
CGACGUAAACGGCCACAAG,CCUCGCCGGACACGCUGAACUUGUGGCCGUUUACGUCGCCGUCCAGCUCGACCAGGA,0.5787
GACGUAAACGGCCACAAGU,CCCUCGCCGGACACGCUGAACUUGUGGCCGUUUACGUCGCCGUCCAGCUCGACCAGG,0.5364
ACGUAAACGGCCACAAGUU,GCCCUCGCCGGACACGCUGAACUUGUGGCCGUUUACGUCGCCGUCCAGCUCGACCAG,0.5384
CGUAAACGGCCACAAGUUC,CGCCCUCGCCGGACACGCUGAACUUGUGGCCGUUUACGUCGCCGUCCAGCUCGACCA,0.6844
GUAAACGGCCACAAGUUCA,UCGCCCUCGCCGGACACGCUGAACUUGUGGCCGUUUACGUCGCCGUCCAGCUCGACC,0.8292
UAAACGGCCACAAGUUCAG,CUCGCCCUCGCCGGACACGCUGAACUUGUGGCCGUUUACGUCGCCGUCCAGCUCGAC,0.5522
AAACGGCCACAAGUUCAGC,CCUCGCCCUCGCCGGACACGCUGAACUUGUGGCCGUUUACGUCGCCGUCCAGCUCGA,0.4181
AACGGCCACAAGUUCAGCG,CCCUCGCCCUCGCCGGACACGCUGAACUUGUGGCCGUUUACGUCGCCGUCCAGCUCG,0.427
ACGGCCACAAGUUCAGCGU,GCCCUCGCCCUCGCCGGACACGCUGAACUUGUGGCCGUUUACGUCGCCGUCCAGCUC,0.6807
CGGCCACAAGUUCAGCGUG,CGCCCUCGCCCUCGCCGGACACGCUGAACUUGUGGCCGUUUACGUCGCCGUCCAGCU,0.6377
GGCCACAAGUUCAGCGUGU,UCGCCCUCGCCCUCGCCGGACACGCUGAACUUGUGGCCGUUUACGUCGCCGUCCAGC,0.5921
GCCACAAGUUCAGCGUGUC,AUCGCCCUCGCCCUCGCCGGACACGCUGAACUUGUGGCCGUUUACGUCGCCGUCCAG,0.7471
CCACAAGUUCAGCGUGUCC,CAUCGCCCUCGCCCUCGCCGGACACGCUGAACUUGUGGCCGUUUACGUCGCCGUCCA,0.8419
CACAAGUUCAGCGUGUCCG,GCAUCGCCCUCGCCCUCGCCGGACACGCUGAACUUGUGGCCGUUUACGUCGCCGUCC,0.5635
ACAAGUUCAGCGUGUCCGG,GGCAUCGCCCUCGCCCUCGCCGGACACGCUGAACUUGUGGCCGUUUACGUCGCCGUC,0.5321
CAAGUUCAGCGUGUCCGGC,UGGCAUCGCCCUCGCCCUCGCCGGACACGCUGAACUUGUGGCCGUUUACGUCGCCGU,0.5754
AAGUUCAGCGUGUCCGGCG,GUGGCAUCGCCCUCGCCCUCGCCGGACACGCUGAACUUGUGGCCGUUUACGUCGCCG,0.4043
AGUUCAGCGUGUCCGGCGA,GGUGGCAUCGCCCUCGCCCUCGCCGGACACGCUGAACUUGUGGCCGUUUACGUCGCC,0.7334
GUUCAGCGUGUCCGGCGAG,AGGUGGCAUCGCCCUCGCCCUCGCCGGACACGCUGAACUUGUGGCCGUUUACGUCGC,0.4953
UUCAGCGUGUCCGGCGAGG,UAGGUGGCAUCGCCCUCGCCCUCGCCGGACACGCUGAACUUGUGGCCGUUUACGUCG,0.3952
UCAGCGUGUCCGGCGAGGG,GUAGGUGGCAUCGCCCUCGCCCUCGCCGGACACGCUGAACUUGUGGCCGUUUACGUC,0.3417
CAGCGUGUCCGGCGAGGGC,CGUAGGUGGCAUCGCCCUCGCCCUCGCCGGACACGCUGAACUUGUGGCCGUUUACGU,0.4931
AGCGUGUCCGGCGAGGGCG,CCGUAGGUGGCAUCGCCCUCGCCCUCGCCGGACACGCUGAACUUGUGGCCGUUUACG,0.492
GCGUGUCCGGCGAGGGCGA,GCCGUAGGUGGCAUCGCCCUCGCCCUCGCCGGACACGCUGAACUUGUGGCCGUUUAC,0.3891
CGUGUCCGGCGAGGGCGAG,UGCCGUAGGUGGCAUCGCCCUCGCCCUCGCCGGACACGCUGAACUUGUGGCCGUUUA,0.3916
GUGUCCGGCGAGGGCGAGG,UUGCCGUAGGUGGCAUCGCCCUCGCCCUCGCCGGACACGCUGAACUUGUGGCCGUUU,0.4
UGUCCGGCGAGGGCGAGGG,CUUGCCGUAGGUGGCAUCGCCCUCGCCCUCGCCGGACACGCUGAACUUGUGGCCGUU,0.5132
GUCCGGCGAGGGCGAGGGC,GCUUGCCGUAGGUGGCAUCGCCCUCGCCCUCGCCGGACACGCUGAACUUGUGGCCGU,0.528
UCCGGCGAGGGCGAGGGCG,AGCUUGCCGUAGGUGGCAUCGCCCUCGCCCUCGCCGGACACGCUGAACUUGUGGCCG,0.4444
CCGGCGAGGGCGAGGGCGA,CAGCUUGCCGUAGGUGGCAUCGCCCUCGCCCUCGCCGGACACGCUGAACUUGUGGCC,0.3477
CGGCGAGGGCGAGGGCGAU,UCAGCUUGCCGUAGGUGGCAUCGCCCUCGCCCUCGCCGGACACGCUGAACUUGUGGC,0.3026
GGCGAGGGCGAGGGCGAUG,GUCAGCUUGCCGUAGGUGGCAUCGCCCUCGCCCUCGCCGGACACGCUGAACUUGUGG,0.3874
GCGAGGGCGAGGGCGAUGC,GGUCAGCUUGCCGUAGGUGGCAUCGCCCUCGCCCUCGCCGGACACGCUGAACUUGUG,0.3345
CGAGGGCGAGGGCGAUGCC,GGGUCAGCUUGCCGUAGGUGGCAUCGCCCUCGCCCUCGCCGGACACGCUGAACUUGU,0.2927
GAGGGCGAGGGCGAUGCCA,AGGGUCAGCUUGCCGUAGGUGGCAUCGCCCUCGCCCUCGCCGGACACGCUGAACUUG,0.3057
AGGGCGAGGGCGAUGCCAC,CAGGGUCAGCUUGCCGUAGGUGGCAUCGCCCUCGCCCUCGCCGGACACGCUGAACUU,0.3974
GGGCGAGGGCGAUGCCACC,UCAGGGUCAGCUUGCCGUAGGUGGCAUCGCCCUCGCCCUCGCCGGACACGCUGAACU,0.163
GGCGAGGGCGAUGCCACCU,UUCAGGGUCAGCUUGCCGUAGGUGGCAUCGCCCUCGCCCUCGCCGGACACGCUGAAC,0.3933
GCGAGGGCGAUGCCACCUA,CUUCAGGGUCAGCUUGCCGUAGGUGGCAUCGCCCUCGCCCUCGCCGGACACGCUGAA,0.2852
CGAGGGCGAUGCCACCUAC,ACUUCAGGGUCAGCUUGCCGUAGGUGGCAUCGCCCUCGCCCUCGCCGGACACGCUGA,0.362
GAGGGCGAUGCCACCUACG,AACUUCAGGGUCAGCUUGCCGUAGGUGGCAUCGCCCUCGCCCUCGCCGGACACGCUG,0.3256
AGGGCGAUGCCACCUACGG,GAACUUCAGGGUCAGCUUGCCGUAGGUGGCAUCGCCCUCGCCCUCGCCGGACACGCU,0.2466
GGGCGAUGCCACCUACGGC,UGAACUUCAGGGUCAGCUUGCCGUAGGUGGCAUCGCCCUCGCCCUCGCCGGACACGC,0.3213
GGCGAUGCCACCUACGGCA,AUGAACUUCAGGGUCAGCUUGCCGUAGGUGGCAUCGCCCUCGCCCUCGCCGGACACG,0.4871
GCGAUGCCACCUACGGCAA,GAUGAACUUCAGGGUCAGCUUGCCGUAGGUGGCAUCGCCCUCGCCCUCGCCGGACAC,0.3958
CGAUGCCACCUACGGCAAG,AGAUGAACUUCAGGGUCAGCUUGCCGUAGGUGGCAUCGCCCUCGCCCUCGCCGGACA,0.5441
GAUGCCACCUACGGCAAGC,CAGAUGAACUUCAGGGUCAGCUUGCCGUAGGUGGCAUCGCCCUCGCCCUCGCCGGAC,0.3133
AUGCCACCUACGGCAAGCU,GCAGAUGAACUUCAGGGUCAGCUUGCCGUAGGUGGCAUCGCCCUCGCCCUCGCCGGA,0.4678
UGCCACCUACGGCAAGCUG,UGCAGAUGAACUUCAGGGUCAGCUUGCCGUAGGUGGCAUCGCCCUCGCCCUCGCCGG,0.1927
GCCACCUACGGCAAGCUGA,GUGCAGAUGAACUUCAGGGUCAGCUUGCCGUAGGUGGCAUCGCCCUCGCCCUCGCCG,0.4526
CCACCUACGGCAAGCUGAC,GGUGCAGAUGAACUUCAGGGUCAGCUUGCCGUAGGUGGCAUCGCCCUCGCCCUCGCC,0.5583
CACCUACGGCAAGCUGACC,UGGUGCAGAUGAACUUCAGGGUCAGCUUGCCGUAGGUGGCAUCGCCCUCGCCCUCGC,0.3474
ACCUACGGCAAGCUGACCC,GUGGUGCAGAUGAACUUCAGGGUCAGCUUGCCGUAGGUGGCAUCGCCCUCGCCCUCG,0.391
CCUACGGCAAGCUGACCCU,GGUGGUGCAGAUGAACUUCAGGGUCAGCUUGCCGUAGGUGGCAUCGCCCUCGCCCUC,0.6773
CUACGGCAAGCUGACCCUG,CGGUGGUGCAGAUGAACUUCAGGGUCAGCUUGCCGUAGGUGGCAUCGCCCUCGCCCU,0.3078
UACGGCAAGCUGACCCUGA,CCGGUGGUGCAGAUGAACUUCAGGGUCAGCUUGCCGUAGGUGGCAUCGCCCUCGCCC,0.4847
ACGGCAAGCUGACCCUGAA,GCCGGUGGUGCAGAUGAACUUCAGGGUCAGCUUGCCGUAGGUGGCAUCGCCCUCGCC,0.7498
CGGCAAGCUGACCCUGAAG,UGCCGGUGGUGCAGAUGAACUUCAGGGUCAGCUUGCCGUAGGUGGCAUCGCCCUCGC,0.6456
GGCAAGCUGACCCUGAAGU,UUGCCGGUGGUGCAGAUGAACUUCAGGGUCAGCUUGCCGUAGGUGGCAUCGCCCUCG,0.6257
GCAAGCUGACCCUGAAGUU,CUUGCCGGUGGUGCAGAUGAACUUCAGGGUCAGCUUGCCGUAGGUGGCAUCGCCCUC,0.6963
CAAGCUGACCCUGAAGUUC,GCUUGCCGGUGGUGCAGAUGAACUUCAGGGUCAGCUUGCCGUAGGUGGCAUCGCCCU,0.7175
AAGCUGACCCUGAAGUUCA,AGCUUGCCGGUGGUGCAGAUGAACUUCAGGGUCAGCUUGCCGUAGGUGGCAUCGCCC,0.917
AGCUGACCCUGAAGUUCAU,CAGCUUGCCGGUGGUGCAGAUGAACUUCAGGGUCAGCUUGCCGUAGGUGGCAUCGCC,0.8731
GCUGACCCUGAAGUUCAUC,GCAGCUUGCCGGUGGUGCAGAUGAACUUCAGGGUCAGCUUGCCGUAGGUGGCAUCGC,0.7518
CUGACCCUGAAGUUCAUCU,GGCAGCUUGCCGGUGGUGCAGAUGAACUUCAGGGUCAGCUUGCCGUAGGUGGCAUCG,0.6976
UGACCCUGAAGUUCAUCUG,GGGCAGCUUGCCGGUGGUGCAGAUGAACUUCAGGGUCAGCUUGCCGUAGGUGGCAUC,0.5009
GACCCUGAAGUUCAUCUGC,CGGGCAGCUUGCCGGUGGUGCAGAUGAACUUCAGGGUCAGCUUGCCGUAGGUGGCAU,0.435
ACCCUGAAGUUCAUCUGCA,ACGGGCAGCUUGCCGGUGGUGCAGAUGAACUUCAGGGUCAGCUUGCCGUAGGUGGCA,0.789
CCCUGAAGUUCAUCUGCAC,CACGGGCAGCUUGCCGGUGGUGCAGAUGAACUUCAGGGUCAGCUUGCCGUAGGUGGC,0.7901
CCUGAAGUUCAUCUGCACC,GCACGGGCAGCUUGCCGGUGGUGCAGAUGAACUUCAGGGUCAGCUUGCCGUAGGUGG,0.6812
CUGAAGUUCAUCUGCACCA,GGCACGGGCAGCUUGCCGGUGGUGCAGAUGAACUUCAGGGUCAGCUUGCCGUAGGUG,0.6742
UGAAGUUCAUCUGCACCAC,GGGCACGGGCAGCUUGCCGGUGGUGCAGAUGAACUUCAGGGUCAGCUUGCCGUAGGU,0.4542
GAAGUUCAUCUGCACCACC,AGGGCACGGGCAGCUUGCCGGUGGUGCAGAUGAACUUCAGGGUCAGCUUGCCGUAGG,0.5305
AAGUUCAUCUGCACCACCG,CAGGGCACGGGCAGCUUGCCGGUGGUGCAGAUGAACUUCAGGGUCAGCUUGCCGUAG,0.5869
AGUUCAUCUGCACCACCGG,CCAGGGCACGGGCAGCUUGCCGGUGGUGCAGAUGAACUUCAGGGUCAGCUUGCCGUA,0.3837
GUUCAUCUGCACCACCGGC,GCCAGGGCACGGGCAGCUUGCCGGUGGUGCAGAUGAACUUCAGGGUCAGCUUGCCGU,0.1309
UUCAUCUGCACCACCGGCA,GGCCAGGGCACGGGCAGCUUGCCGGUGGUGCAGAUGAACUUCAGGGUCAGCUUGCCG,0.2177
UCAUCUGCACCACCGGCAA,GGGCCAGGGCACGGGCAGCUUGCCGGUGGUGCAGAUGAACUUCAGGGUCAGCUUGCC,0.485
CAUCUGCACCACCGGCAAG,UGGGCCAGGGCACGGGCAGCUUGCCGGUGGUGCAGAUGAACUUCAGGGUCAGCUUGC,0.4068
AUCUGCACCACCGGCAAGC,GUGGGCCAGGGCACGGGCAGCUUGCCGGUGGUGCAGAUGAACUUCAGGGUCAGCUUG,0.06
UCUGCACCACCGGCAAGCU,GGUGGGCCAGGGCACGGGCAGCUUGCCGGUGGUGCAGAUGAACUUCAGGGUCAGCUU,0.0435
CUGCACCACCGGCAAGCUG,GGGUGGGCCAGGGCACGGGCAGCUUGCCGGUGGUGCAGAUGAACUUCAGGGUCAGCU,0.324
UGCACCACCGGCAAGCUGC,AGGGUGGGCCAGGGCACGGGCAGCUUGCCGGUGGUGCAGAUGAACUUCAGGGUCAGC,0.0382
GCACCACCGGCAAGCUGCC,GAGGGUGGGCCAGGGCACGGGCAGCUUGCCGGUGGUGCAGAUGAACUUCAGGGUCAG,0.3537
CACCACCGGCAAGCUGCCC,CGAGGGUGGGCCAGGGCACGGGCAGCUUGCCGGUGGUGCAGAUGAACUUCAGGGUCA,0.2078
ACCACCGGCAAGCUGCCCG,ACGAGGGUGGGCCAGGGCACGGGCAGCUUGCCGGUGGUGCAGAUGAACUUCAGGGUC,0.0465
CCACCGGCAAGCUGCCCGU,CACGAGGGUGGGCCAGGGCACGGGCAGCUUGCCGGUGGUGCAGAUGAACUUCAGGGU,0.3878
CACCGGCAAGCUGCCCGUG,UCACGAGGGUGGGCCAGGGCACGGGCAGCUUGCCGGUGGUGCAGAUGAACUUCAGGG,0.1962
ACCGGCAAGCUGCCCGUGC,GUCACGAGGGUGGGCCAGGGCACGGGCAGCUUGCCGGUGGUGCAGAUGAACUUCAGG,0.1684
CCGGCAAGCUGCCCGUGCC,GGUCACGAGGGUGGGCCAGGGCACGGGCAGCUUGCCGGUGGUGCAGAUGAACUUCAG,0.4616
CGGCAAGCUGCCCGUGCCC,UGGUCACGAGGGUGGGCCAGGGCACGGGCAGCUUGCCGGUGGUGCAGAUGAACUUCA,0.276
GGCAAGCUGCCCGUGCCCU,GUGGUCACGAGGGUGGGCCAGGGCACGGGCAGCUUGCCGGUGGUGCAGAUGAACUUC,0.3066
GCAAGCUGCCCGUGCCCUG,GGUGGUCACGAGGGUGGGCCAGGGCACGGGCAGCUUGCCGGUGGUGCAGAUGAACUU,0.5601
CAAGCUGCCCGUGCCCUGG,GGGUGGUCACGAGGGUGGGCCAGGGCACGGGCAGCUUGCCGGUGGUGCAGAUGAACU,0.4631
AAGCUGCCCGUGCCCUGGC,AGGGUGGUCACGAGGGUGGGCCAGGGCACGGGCAGCUUGCCGGUGGUGCAGAUGAAC,0.1803
AGCUGCCCGUGCCCUGGCC,CAGGGUGGUCACGAGGGUGGGCCAGGGCACGGGCAGCUUGCCGGUGGUGCAGAUGAA,0.0849
GCUGCCCGUGCCCUGGCCC,UCAGGGUGGUCACGAGGGUGGGCCAGGGCACGGGCAGCUUGCCGGUGGUGCAGAUGA,0.2876
CUGCCCGUGCCCUGGCCCA,GUCAGGGUGGUCACGAGGGUGGGCCAGGGCACGGGCAGCUUGCCGGUGGUGCAGAUG,0.2639
UGCCCGUGCCCUGGCCCAC,GGUCAGGGUGGUCACGAGGGUGGGCCAGGGCACGGGCAGCUUGCCGGUGGUGCAGAU,0.2368
GCCCGUGCCCUGGCCCACC,AGGUCAGGGUGGUCACGAGGGUGGGCCAGGGCACGGGCAGCUUGCCGGUGGUGCAGA,0.1496
CCCGUGCCCUGGCCCACCC,UAGGUCAGGGUGGUCACGAGGGUGGGCCAGGGCACGGGCAGCUUGCCGGUGGUGCAG,0.0836
CCGUGCCCUGGCCCACCCU,GUAGGUCAGGGUGGUCACGAGGGUGGGCCAGGGCACGGGCAGCUUGCCGGUGGUGCA,0.0509
CGUGCCCUGGCCCACCCUC,CGUAGGUCAGGGUGGUCACGAGGGUGGGCCAGGGCACGGGCAGCUUGCCGGUGGUGC,0.2925
GUGCCCUGGCCCACCCUCG,CCGUAGGUCAGGGUGGUCACGAGGGUGGGCCAGGGCACGGGCAGCUUGCCGGUGGUG,0
UGCCCUGGCCCACCCUCGU,GCCGUAGGUCAGGGUGGUCACGAGGGUGGGCCAGGGCACGGGCAGCUUGCCGGUGGU,0.0001
GCCCUGGCCCACCCUCGUG,CGCCGUAGGUCAGGGUGGUCACGAGGGUGGGCCAGGGCACGGGCAGCUUGCCGGUGG,0.2278
CCCUGGCCCACCCUCGUGA,ACGCCGUAGGUCAGGGUGGUCACGAGGGUGGGCCAGGGCACGGGCAGCUUGCCGGUG,0.2531
CCUGGCCCACCCUCGUGAC,CACGCCGUAGGUCAGGGUGGUCACGAGGGUGGGCCAGGGCACGGGCAGCUUGCCGGU,0.3095
CUGGCCCACCCUCGUGACC,GCACGCCGUAGGUCAGGGUGGUCACGAGGGUGGGCCAGGGCACGGGCAGCUUGCCGG,0.2432
UGGCCCACCCUCGUGACCA,UGCACGCCGUAGGUCAGGGUGGUCACGAGGGUGGGCCAGGGCACGGGCAGCUUGCCG,0.7133
GGCCCACCCUCGUGACCAC,CUGCACGCCGUAGGUCAGGGUGGUCACGAGGGUGGGCCAGGGCACGGGCAGCUUGCC,0.5096
GCCCACCCUCGUGACCACC,ACUGCACGCCGUAGGUCAGGGUGGUCACGAGGGUGGGCCAGGGCACGGGCAGCUUGC,0.4392
CCCACCCUCGUGACCACCC,CACUGCACGCCGUAGGUCAGGGUGGUCACGAGGGUGGGCCAGGGCACGGGCAGCUUG,0.2039
CCACCCUCGUGACCACCCU,GCACUGCACGCCGUAGGUCAGGGUGGUCACGAGGGUGGGCCAGGGCACGGGCAGCUU,0.3394
CACCCUCGUGACCACCCUG,AGCACUGCACGCCGUAGGUCAGGGUGGUCACGAGGGUGGGCCAGGGCACGGGCAGCU,0.265
ACCCUCGUGACCACCCUGA,AAGCACUGCACGCCGUAGGUCAGGGUGGUCACGAGGGUGGGCCAGGGCACGGGCAGC,0.3721
CCCUCGUGACCACCCUGAC,GAAGCACUGCACGCCGUAGGUCAGGGUGGUCACGAGGGUGGGCCAGGGCACGGGCAG,0.4244
CCUCGUGACCACCCUGACC,UGAAGCACUGCACGCCGUAGGUCAGGGUGGUCACGAGGGUGGGCCAGGGCACGGGCA,0.5073
CUCGUGACCACCCUGACCU,CUGAAGCACUGCACGCCGUAGGUCAGGGUGGUCACGAGGGUGGGCCAGGGCACGGGC,0.5698
UCGUGACCACCCUGACCUA,GCUGAAGCACUGCACGCCGUAGGUCAGGGUGGUCACGAGGGUGGGCCAGGGCACGGG,0.5178
CGUGACCACCCUGACCUAC,GGCUGAAGCACUGCACGCCGUAGGUCAGGGUGGUCACGAGGGUGGGCCAGGGCACGG,0.4712
GUGACCACCCUGACCUACG,CGGCUGAAGCACUGCACGCCGUAGGUCAGGGUGGUCACGAGGGUGGGCCAGGGCACG,0.6614
UGACCACCCUGACCUACGG,GCGGCUGAAGCACUGCACGCCGUAGGUCAGGGUGGUCACGAGGGUGGGCCAGGGCAC,0.4176
GACCACCCUGACCUACGGC,AGCGGCUGAAGCACUGCACGCCGUAGGUCAGGGUGGUCACGAGGGUGGGCCAGGGCA,0.3004
ACCACCCUGACCUACGGCG,UAGCGGCUGAAGCACUGCACGCCGUAGGUCAGGGUGGUCACGAGGGUGGGCCAGGGC,0.4521
CCACCCUGACCUACGGCGU,GUAGCGGCUGAAGCACUGCACGCCGUAGGUCAGGGUGGUCACGAGGGUGGGCCAGGG,0.5678
CACCCUGACCUACGGCGUG,GGUAGCGGCUGAAGCACUGCACGCCGUAGGUCAGGGUGGUCACGAGGGUGGGCCAGG,0.7433
ACCCUGACCUACGGCGUGC,GGGUAGCGGCUGAAGCACUGCACGCCGUAGGUCAGGGUGGUCACGAGGGUGGGCCAG,0.6712
CCCUGACCUACGGCGUGCA,GGGGUAGCGGCUGAAGCACUGCACGCCGUAGGUCAGGGUGGUCACGAGGGUGGGCCA,0.5576
CCUGACCUACGGCGUGCAG,CGGGGUAGCGGCUGAAGCACUGCACGCCGUAGGUCAGGGUGGUCACGAGGGUGGGCC,0.4798
CUGACCUACGGCGUGCAGU,UCGGGGUAGCGGCUGAAGCACUGCACGCCGUAGGUCAGGGUGGUCACGAGGGUGGGC,0.5634
UGACCUACGGCGUGCAGUG,GUCGGGGUAGCGGCUGAAGCACUGCACGCCGUAGGUCAGGGUGGUCACGAGGGUGGG,0.5796
GACCUACGGCGUGCAGUGC,GGUCGGGGUAGCGGCUGAAGCACUGCACGCCGUAGGUCAGGGUGGUCACGAGGGUGG,0.6014
ACCUACGGCGUGCAGUGCU,UGGUCGGGGUAGCGGCUGAAGCACUGCACGCCGUAGGUCAGGGUGGUCACGAGGGUG,0.5568
CCUACGGCGUGCAGUGCUU,GUGGUCGGGGUAGCGGCUGAAGCACUGCACGCCGUAGGUCAGGGUGGUCACGAGGGU,0.7009
CUACGGCGUGCAGUGCUUC,UGUGGUCGGGGUAGCGGCUGAAGCACUGCACGCCGUAGGUCAGGGUGGUCACGAGGG,0.5969
UACGGCGUGCAGUGCUUCA,AUGUGGUCGGGGUAGCGGCUGAAGCACUGCACGCCGUAGGUCAGGGUGGUCACGAGG,0.5649
ACGGCGUGCAGUGCUUCAG,CAUGUGGUCGGGGUAGCGGCUGAAGCACUGCACGCCGUAGGUCAGGGUGGUCACGAG,0.621
CGGCGUGCAGUGCUUCAGC,UCAUGUGGUCGGGGUAGCGGCUGAAGCACUGCACGCCGUAGGUCAGGGUGGUCACGA,0.5909
GGCGUGCAGUGCUUCAGCC,UUCAUGUGGUCGGGGUAGCGGCUGAAGCACUGCACGCCGUAGGUCAGGGUGGUCACG,0.7176
GCGUGCAGUGCUUCAGCCG,CUUCAUGUGGUCGGGGUAGCGGCUGAAGCACUGCACGCCGUAGGUCAGGGUGGUCAC,0.5073
CGUGCAGUGCUUCAGCCGC,GCUUCAUGUGGUCGGGGUAGCGGCUGAAGCACUGCACGCCGUAGGUCAGGGUGGUCA,0.7954
GUGCAGUGCUUCAGCCGCU,UGCUUCAUGUGGUCGGGGUAGCGGCUGAAGCACUGCACGCCGUAGGUCAGGGUGGUC,0.9024
UGCAGUGCUUCAGCCGCUA,CUGCUUCAUGUGGUCGGGGUAGCGGCUGAAGCACUGCACGCCGUAGGUCAGGGUGGU,0.8199
GCAGUGCUUCAGCCGCUAC,GCUGCUUCAUGUGGUCGGGGUAGCGGCUGAAGCACUGCACGCCGUAGGUCAGGGUGG,0.7357
CAGUGCUUCAGCCGCUACC,UGCUGCUUCAUGUGGUCGGGGUAGCGGCUGAAGCACUGCACGCCGUAGGUCAGGGUG,0.8125
AGUGCUUCAGCCGCUACCC,GUGCUGCUUCAUGUGGUCGGGGUAGCGGCUGAAGCACUGCACGCCGUAGGUCAGGGU,0.8712
GUGCUUCAGCCGCUACCCC,CGUGCUGCUUCAUGUGGUCGGGGUAGCGGCUGAAGCACUGCACGCCGUAGGUCAGGG,0.5804
UGCUUCAGCCGCUACCCCG,UCGUGCUGCUUCAUGUGGUCGGGGUAGCGGCUGAAGCACUGCACGCCGUAGGUCAGG,0.5861
GCUUCAGCCGCUACCCCGA,GUCGUGCUGCUUCAUGUGGUCGGGGUAGCGGCUGAAGCACUGCACGCCGUAGGUCAG,0.7626
CUUCAGCCGCUACCCCGAC,AGUCGUGCUGCUUCAUGUGGUCGGGGUAGCGGCUGAAGCACUGCACGCCGUAGGUCA,0.6009
UUCAGCCGCUACCCCGACC,AAGUCGUGCUGCUUCAUGUGGUCGGGGUAGCGGCUGAAGCACUGCACGCCGUAGGUC,0.3662
UCAGCCGCUACCCCGACCA,GAAGUCGUGCUGCUUCAUGUGGUCGGGGUAGCGGCUGAAGCACUGCACGCCGUAGGU,0.584
CAGCCGCUACCCCGACCAC,AGAAGUCGUGCUGCUUCAUGUGGUCGGGGUAGCGGCUGAAGCACUGCACGCCGUAGG,0.3735
AGCCGCUACCCCGACCACA,AAGAAGUCGUGCUGCUUCAUGUGGUCGGGGUAGCGGCUGAAGCACUGCACGCCGUAG,0.3358
GCCGCUACCCCGACCACAU,GAAGAAGUCGUGCUGCUUCAUGUGGUCGGGGUAGCGGCUGAAGCACUGCACGCCGUA,0.447
CCGCUACCCCGACCACAUG,UGAAGAAGUCGUGCUGCUUCAUGUGGUCGGGGUAGCGGCUGAAGCACUGCACGCCGU,0.4437
CGCUACCCCGACCACAUGA,UUGAAGAAGUCGUGCUGCUUCAUGUGGUCGGGGUAGCGGCUGAAGCACUGCACGCCG,0.4068
GCUACCCCGACCACAUGAA,CUUGAAGAAGUCGUGCUGCUUCAUGUGGUCGGGGUAGCGGCUGAAGCACUGCACGCC,0.4475
CUACCCCGACCACAUGAAG,ACUUGAAGAAGUCGUGCUGCUUCAUGUGGUCGGGGUAGCGGCUGAAGCACUGCACGC,0.3967
UACCCCGACCACAUGAAGC,GACUUGAAGAAGUCGUGCUGCUUCAUGUGGUCGGGGUAGCGGCUGAAGCACUGCACG,0.3087
ACCCCGACCACAUGAAGCA,GGACUUGAAGAAGUCGUGCUGCUUCAUGUGGUCGGGGUAGCGGCUGAAGCACUGCAC,0.6279
CCCCGACCACAUGAAGCAG,CGGACUUGAAGAAGUCGUGCUGCUUCAUGUGGUCGGGGUAGCGGCUGAAGCACUGCA,0.327
CCCGACCACAUGAAGCAGC,GCGGACUUGAAGAAGUCGUGCUGCUUCAUGUGGUCGGGGUAGCGGCUGAAGCACUGC,0.4048
CCGACCACAUGAAGCAGCA,GGCGGACUUGAAGAAGUCGUGCUGCUUCAUGUGGUCGGGGUAGCGGCUGAAGCACUG,0.5076
CGACCACAUGAAGCAGCAC,UGGCGGACUUGAAGAAGUCGUGCUGCUUCAUGUGGUCGGGGUAGCGGCUGAAGCACU,0.6239
GACCACAUGAAGCAGCACG,AUGGCGGACUUGAAGAAGUCGUGCUGCUUCAUGUGGUCGGGGUAGCGGCUGAAGCAC,0.5006
ACCACAUGAAGCAGCACGA,CAUGGCGGACUUGAAGAAGUCGUGCUGCUUCAUGUGGUCGGGGUAGCGGCUGAAGCA,0.7072
CCACAUGAAGCAGCACGAC,GCAUGGCGGACUUGAAGAAGUCGUGCUGCUUCAUGUGGUCGGGGUAGCGGCUGAAGC,0.6717
CACAUGAAGCAGCACGACU,GGCAUGGCGGACUUGAAGAAGUCGUGCUGCUUCAUGUGGUCGGGGUAGCGGCUGAAG,0.6446
ACAUGAAGCAGCACGACUU,GGGCAUGGCGGACUUGAAGAAGUCGUGCUGCUUCAUGUGGUCGGGGUAGCGGCUGAA,0.8271
CAUGAAGCAGCACGACUUC,CGGGCAUGGCGGACUUGAAGAAGUCGUGCUGCUUCAUGUGGUCGGGGUAGCGGCUGA,0.662
AUGAAGCAGCACGACUUCU,UCGGGCAUGGCGGACUUGAAGAAGUCGUGCUGCUUCAUGUGGUCGGGGUAGCGGCUG,0.6742
UGAAGCAGCACGACUUCUU,UUCGGGCAUGGCGGACUUGAAGAAGUCGUGCUGCUUCAUGUGGUCGGGGUAGCGGCU,0.6355
GAAGCAGCACGACUUCUUC,CUUCGGGCAUGGCGGACUUGAAGAAGUCGUGCUGCUUCAUGUGGUCGGGGUAGCGGC,0.6469
AAGCAGCACGACUUCUUCA,CCUUCGGGCAUGGCGGACUUGAAGAAGUCGUGCUGCUUCAUGUGGUCGGGGUAGCGG,0.5099
AGCAGCACGACUUCUUCAA,GCCUUCGGGCAUGGCGGACUUGAAGAAGUCGUGCUGCUUCAUGUGGUCGGGGUAGCG,0.5294
GCAGCACGACUUCUUCAAG,AGCCUUCGGGCAUGGCGGACUUGAAGAAGUCGUGCUGCUUCAUGUGGUCGGGGUAGC,0.6347
CAGCACGACUUCUUCAAGU,UAGCCUUCGGGCAUGGCGGACUUGAAGAAGUCGUGCUGCUUCAUGUGGUCGGGGUAG,0.7779
AGCACGACUUCUUCAAGUC,GUAGCCUUCGGGCAUGGCGGACUUGAAGAAGUCGUGCUGCUUCAUGUGGUCGGGGUA,0.7648
GCACGACUUCUUCAAGUCC,CGUAGCCUUCGGGCAUGGCGGACUUGAAGAAGUCGUGCUGCUUCAUGUGGUCGGGGU,0.7822
CACGACUUCUUCAAGUCCG,ACGUAGCCUUCGGGCAUGGCGGACUUGAAGAAGUCGUGCUGCUUCAUGUGGUCGGGG,0.7576
ACGACUUCUUCAAGUCCGC,GACGUAGCCUUCGGGCAUGGCGGACUUGAAGAAGUCGUGCUGCUUCAUGUGGUCGGG,0.5206
CGACUUCUUCAAGUCCGCC,GGACGUAGCCUUCGGGCAUGGCGGACUUGAAGAAGUCGUGCUGCUUCAUGUGGUCGG,0.4401
GACUUCUUCAAGUCCGCCA,UGGACGUAGCCUUCGGGCAUGGCGGACUUGAAGAAGUCGUGCUGCUUCAUGUGGUCG,0.5678
ACUUCUUCAAGUCCGCCAU,CUGGACGUAGCCUUCGGGCAUGGCGGACUUGAAGAAGUCGUGCUGCUUCAUGUGGUC,0.5893
CUUCUUCAAGUCCGCCAUG,CCUGGACGUAGCCUUCGGGCAUGGCGGACUUGAAGAAGUCGUGCUGCUUCAUGUGGU,0.5138
UUCUUCAAGUCCGCCAUGC,UCCUGGACGUAGCCUUCGGGCAUGGCGGACUUGAAGAAGUCGUGCUGCUUCAUGUGG,0.3118
UCUUCAAGUCCGCCAUGCC,CUCCUGGACGUAGCCUUCGGGCAUGGCGGACUUGAAGAAGUCGUGCUGCUUCAUGUG,0.4394
CUUCAAGUCCGCCAUGCCC,GCUCCUGGACGUAGCCUUCGGGCAUGGCGGACUUGAAGAAGUCGUGCUGCUUCAUGU,0.5105
UUCAAGUCCGCCAUGCCCG,CGCUCCUGGACGUAGCCUUCGGGCAUGGCGGACUUGAAGAAGUCGUGCUGCUUCAUG,0.3737
UCAAGUCCGCCAUGCCCGA,GCGCUCCUGGACGUAGCCUUCGGGCAUGGCGGACUUGAAGAAGUCGUGCUGCUUCAU,0.4723
CAAGUCCGCCAUGCCCGAA,UGCGCUCCUGGACGUAGCCUUCGGGCAUGGCGGACUUGAAGAAGUCGUGCUGCUUCA,0.488
AAGUCCGCCAUGCCCGAAG,GUGCGCUCCUGGACGUAGCCUUCGGGCAUGGCGGACUUGAAGAAGUCGUGCUGCUUC,0.4083
AGUCCGCCAUGCCCGAAGG,GGUGCGCUCCUGGACGUAGCCUUCGGGCAUGGCGGACUUGAAGAAGUCGUGCUGCUU,0.4708
GUCCGCCAUGCCCGAAGGC,UGGUGCGCUCCUGGACGUAGCCUUCGGGCAUGGCGGACUUGAAGAAGUCGUGCUGCU,0.866
UCCGCCAUGCCCGAAGGCU,AUGGUGCGCUCCUGGACGUAGCCUUCGGGCAUGGCGGACUUGAAGAAGUCGUGCUGC,0.4609
CCGCCAUGCCCGAAGGCUA,GAUGGUGCGCUCCUGGACGUAGCCUUCGGGCAUGGCGGACUUGAAGAAGUCGUGCUG,0.6766
CGCCAUGCCCGAAGGCUAC,AGAUGGUGCGCUCCUGGACGUAGCCUUCGGGCAUGGCGGACUUGAAGAAGUCGUGCU,0.6192
GCCAUGCCCGAAGGCUACG,AAGAUGGUGCGCUCCUGGACGUAGCCUUCGGGCAUGGCGGACUUGAAGAAGUCGUGC,0.676
CCAUGCCCGAAGGCUACGU,GAAGAUGGUGCGCUCCUGGACGUAGCCUUCGGGCAUGGCGGACUUGAAGAAGUCGUG,0.5584
CAUGCCCGAAGGCUACGUC,AGAAGAUGGUGCGCUCCUGGACGUAGCCUUCGGGCAUGGCGGACUUGAAGAAGUCGU,0.3733
AUGCCCGAAGGCUACGUCC,AAGAAGAUGGUGCGCUCCUGGACGUAGCCUUCGGGCAUGGCGGACUUGAAGAAGUCG,0.1764
UGCCCGAAGGCUACGUCCA,GAAGAAGAUGGUGCGCUCCUGGACGUAGCCUUCGGGCAUGGCGGACUUGAAGAAGUC,0.5302
GCCCGAAGGCUACGUCCAG,UGAAGAAGAUGGUGCGCUCCUGGACGUAGCCUUCGGGCAUGGCGGACUUGAAGAAGU,0.3942
CCCGAAGGCUACGUCCAGG,UUGAAGAAGAUGGUGCGCUCCUGGACGUAGCCUUCGGGCAUGGCGGACUUGAAGAAG,0.4419
CCGAAGGCUACGUCCAGGA,CUUGAAGAAGAUGGUGCGCUCCUGGACGUAGCCUUCGGGCAUGGCGGACUUGAAGAA,0.3791
CGAAGGCUACGUCCAGGAG,CCUUGAAGAAGAUGGUGCGCUCCUGGACGUAGCCUUCGGGCAUGGCGGACUUGAAGA,0.4391
GAAGGCUACGUCCAGGAGC,UCCUUGAAGAAGAUGGUGCGCUCCUGGACGUAGCCUUCGGGCAUGGCGGACUUGAAG,0.383
AAGGCUACGUCCAGGAGCG,GUCCUUGAAGAAGAUGGUGCGCUCCUGGACGUAGCCUUCGGGCAUGGCGGACUUGAA,0.5078
AGGCUACGUCCAGGAGCGC,CGUCCUUGAAGAAGAUGGUGCGCUCCUGGACGUAGCCUUCGGGCAUGGCGGACUUGA,0.4317
GGCUACGUCCAGGAGCGCA,UCGUCCUUGAAGAAGAUGGUGCGCUCCUGGACGUAGCCUUCGGGCAUGGCGGACUUG,0.6867
GCUACGUCCAGGAGCGCAC,GUCGUCCUUGAAGAAGAUGGUGCGCUCCUGGACGUAGCCUUCGGGCAUGGCGGACUU,0.5742
CUACGUCCAGGAGCGCACC,CGUCGUCCUUGAAGAAGAUGGUGCGCUCCUGGACGUAGCCUUCGGGCAUGGCGGACU,0.4522
UACGUCCAGGAGCGCACCA,CCGUCGUCCUUGAAGAAGAUGGUGCGCUCCUGGACGUAGCCUUCGGGCAUGGCGGAC,0.3743
ACGUCCAGGAGCGCACCAU,GCCGUCGUCCUUGAAGAAGAUGGUGCGCUCCUGGACGUAGCCUUCGGGCAUGGCGGA,0.6779
CGUCCAGGAGCGCACCAUC,UGCCGUCGUCCUUGAAGAAGAUGGUGCGCUCCUGGACGUAGCCUUCGGGCAUGGCGG,0.5401
GUCCAGGAGCGCACCAUCU,UUGCCGUCGUCCUUGAAGAAGAUGGUGCGCUCCUGGACGUAGCCUUCGGGCAUGGCG,0.7903
UCCAGGAGCGCACCAUCUU,GUUGCCGUCGUCCUUGAAGAAGAUGGUGCGCUCCUGGACGUAGCCUUCGGGCAUGGC,0.6825
CCAGGAGCGCACCAUCUUC,AGUUGCCGUCGUCCUUGAAGAAGAUGGUGCGCUCCUGGACGUAGCCUUCGGGCAUGG,0.5642
CAGGAGCGCACCAUCUUCU,UAGUUGCCGUCGUCCUUGAAGAAGAUGGUGCGCUCCUGGACGUAGCCUUCGGGCAUG,0.568
AGGAGCGCACCAUCUUCUU,GUAGUUGCCGUCGUCCUUGAAGAAGAUGGUGCGCUCCUGGACGUAGCCUUCGGGCAU,0.9383
GGAGCGCACCAUCUUCUUC,UGUAGUUGCCGUCGUCCUUGAAGAAGAUGGUGCGCUCCUGGACGUAGCCUUCGGGCA,0.6087
GAGCGCACCAUCUUCUUCA,UUGUAGUUGCCGUCGUCCUUGAAGAAGAUGGUGCGCUCCUGGACGUAGCCUUCGGGC,0.7263
AGCGCACCAUCUUCUUCAA,CUUGUAGUUGCCGUCGUCCUUGAAGAAGAUGGUGCGCUCCUGGACGUAGCCUUCGGG,0.748
GCGCACCAUCUUCUUCAAG,UCUUGUAGUUGCCGUCGUCCUUGAAGAAGAUGGUGCGCUCCUGGACGUAGCCUUCGG,0.4989
CGCACCAUCUUCUUCAAGG,GUCUUGUAGUUGCCGUCGUCCUUGAAGAAGAUGGUGCGCUCCUGGACGUAGCCUUCG,0.7054
GCACCAUCUUCUUCAAGGA,GGUCUUGUAGUUGCCGUCGUCCUUGAAGAAGAUGGUGCGCUCCUGGACGUAGCCUUC,0.7917
CACCAUCUUCUUCAAGGAC,GGGUCUUGUAGUUGCCGUCGUCCUUGAAGAAGAUGGUGCGCUCCUGGACGUAGCCUU,0.5707
ACCAUCUUCUUCAAGGACG,CGGGUCUUGUAGUUGCCGUCGUCCUUGAAGAAGAUGGUGCGCUCCUGGACGUAGCCU,0.6043
CCAUCUUCUUCAAGGACGA,GCGGGUCUUGUAGUUGCCGUCGUCCUUGAAGAAGAUGGUGCGCUCCUGGACGUAGCC,0.8271
CAUCUUCUUCAAGGACGAC,CGCGGGUCUUGUAGUUGCCGUCGUCCUUGAAGAAGAUGGUGCGCUCCUGGACGUAGC,0.4019
AUCUUCUUCAAGGACGACG,GCGCGGGUCUUGUAGUUGCCGUCGUCCUUGAAGAAGAUGGUGCGCUCCUGGACGUAG,0.3767
UCUUCUUCAAGGACGACGG,GGCGCGGGUCUUGUAGUUGCCGUCGUCCUUGAAGAAGAUGGUGCGCUCCUGGACGUA,0.2921
CUUCUUCAAGGACGACGGC,CGGCGCGGGUCUUGUAGUUGCCGUCGUCCUUGAAGAAGAUGGUGCGCUCCUGGACGU,0.3141
UUCUUCAAGGACGACGGCA,UCGGCGCGGGUCUUGUAGUUGCCGUCGUCCUUGAAGAAGAUGGUGCGCUCCUGGACG,0.4472
UCUUCAAGGACGACGGCAA,CUCGGCGCGGGUCUUGUAGUUGCCGUCGUCCUUGAAGAAGAUGGUGCGCUCCUGGAC,0.6909
CUUCAAGGACGACGGCAAC,CCUCGGCGCGGGUCUUGUAGUUGCCGUCGUCCUUGAAGAAGAUGGUGCGCUCCUGGA,0.5747
UUCAAGGACGACGGCAACU,ACCUCGGCGCGGGUCUUGUAGUUGCCGUCGUCCUUGAAGAAGAUGGUGCGCUCCUGG,0.5396
UCAAGGACGACGGCAACUA,CACCUCGGCGCGGGUCUUGUAGUUGCCGUCGUCCUUGAAGAAGAUGGUGCGCUCCUG,0.7214
CAAGGACGACGGCAACUAC,UCACCUCGGCGCGGGUCUUGUAGUUGCCGUCGUCCUUGAAGAAGAUGGUGCGCUCCU,0.4707
AAGGACGACGGCAACUACA,UUCACCUCGGCGCGGGUCUUGUAGUUGCCGUCGUCCUUGAAGAAGAUGGUGCGCUCC,0.634
AGGACGACGGCAACUACAA,CUUCACCUCGGCGCGGGUCUUGUAGUUGCCGUCGUCCUUGAAGAAGAUGGUGCGCUC,0.6252
GGACGACGGCAACUACAAG,ACUUCACCUCGGCGCGGGUCUUGUAGUUGCCGUCGUCCUUGAAGAAGAUGGUGCGCU,0.5323
GACGACGGCAACUACAAGA,AACUUCACCUCGGCGCGGGUCUUGUAGUUGCCGUCGUCCUUGAAGAAGAUGGUGCGC,0.5785
ACGACGGCAACUACAAGAC,GAACUUCACCUCGGCGCGGGUCUUGUAGUUGCCGUCGUCCUUGAAGAAGAUGGUGCG,0.4483
CGACGGCAACUACAAGACC,CGAACUUCACCUCGGCGCGGGUCUUGUAGUUGCCGUCGUCCUUGAAGAAGAUGGUGC,0.8045
GACGGCAACUACAAGACCC,UCGAACUUCACCUCGGCGCGGGUCUUGUAGUUGCCGUCGUCCUUGAAGAAGAUGGUG,0.7003
ACGGCAACUACAAGACCCG,CUCGAACUUCACCUCGGCGCGGGUCUUGUAGUUGCCGUCGUCCUUGAAGAAGAUGGU,0.6933
CGGCAACUACAAGACCCGC,CCUCGAACUUCACCUCGGCGCGGGUCUUGUAGUUGCCGUCGUCCUUGAAGAAGAUGG,0.496
GGCAACUACAAGACCCGCG,CCCUCGAACUUCACCUCGGCGCGGGUCUUGUAGUUGCCGUCGUCCUUGAAGAAGAUG,0.5065
GCAACUACAAGACCCGCGC,GCCCUCGAACUUCACCUCGGCGCGGGUCUUGUAGUUGCCGUCGUCCUUGAAGAAGAU,0.4784
CAACUACAAGACCCGCGCC,CGCCCUCGAACUUCACCUCGGCGCGGGUCUUGUAGUUGCCGUCGUCCUUGAAGAAGA,0.5341
AACUACAAGACCCGCGCCG,UCGCCCUCGAACUUCACCUCGGCGCGGGUCUUGUAGUUGCCGUCGUCCUUGAAGAAG,0.3459
ACUACAAGACCCGCGCCGA,GUCGCCCUCGAACUUCACCUCGGCGCGGGUCUUGUAGUUGCCGUCGUCCUUGAAGAA,0.5404
CUACAAGACCCGCGCCGAG,UGUCGCCCUCGAACUUCACCUCGGCGCGGGUCUUGUAGUUGCCGUCGUCCUUGAAGA,0.748
UACAAGACCCGCGCCGAGG,GUGUCGCCCUCGAACUUCACCUCGGCGCGGGUCUUGUAGUUGCCGUCGUCCUUGAAG,0.5218
ACAAGACCCGCGCCGAGGU,GGUGUCGCCCUCGAACUUCACCUCGGCGCGGGUCUUGUAGUUGCCGUCGUCCUUGAA,0.589
CAAGACCCGCGCCGAGGUG,GGGUGUCGCCCUCGAACUUCACCUCGGCGCGGGUCUUGUAGUUGCCGUCGUCCUUGA,0.4487
AAGACCCGCGCCGAGGUGA,AGGGUGUCGCCCUCGAACUUCACCUCGGCGCGGGUCUUGUAGUUGCCGUCGUCCUUG,0.4757
AGACCCGCGCCGAGGUGAA,CAGGGUGUCGCCCUCGAACUUCACCUCGGCGCGGGUCUUGUAGUUGCCGUCGUCCUU,0.7932
GACCCGCGCCGAGGUGAAG,CCAGGGUGUCGCCCUCGAACUUCACCUCGGCGCGGGUCUUGUAGUUGCCGUCGUCCU,0.7187
ACCCGCGCCGAGGUGAAGU,ACCAGGGUGUCGCCCUCGAACUUCACCUCGGCGCGGGUCUUGUAGUUGCCGUCGUCC,0.5745
CCCGCGCCGAGGUGAAGUU,CACCAGGGUGUCGCCCUCGAACUUCACCUCGGCGCGGGUCUUGUAGUUGCCGUCGUC,0.5495
CCGCGCCGAGGUGAAGUUC,UCACCAGGGUGUCGCCCUCGAACUUCACCUCGGCGCGGGUCUUGUAGUUGCCGUCGU,0.2813
CGCGCCGAGGUGAAGUUCG,UUCACCAGGGUGUCGCCCUCGAACUUCACCUCGGCGCGGGUCUUGUAGUUGCCGUCG,0.766
GCGCCGAGGUGAAGUUCGA,GUUCACCAGGGUGUCGCCCUCGAACUUCACCUCGGCGCGGGUCUUGUAGUUGCCGUC,0.8744
CGCCGAGGUGAAGUUCGAG,GGUUCACCAGGGUGUCGCCCUCGAACUUCACCUCGGCGCGGGUCUUGUAGUUGCCGU,0.666
GCCGAGGUGAAGUUCGAGG,CGGUUCACCAGGGUGUCGCCCUCGAACUUCACCUCGGCGCGGGUCUUGUAGUUGCCG,0.4735
CCGAGGUGAAGUUCGAGGG,GCGGUUCACCAGGGUGUCGCCCUCGAACUUCACCUCGGCGCGGGUCUUGUAGUUGCC,0.6511
CGAGGUGAAGUUCGAGGGC,UGCGGUUCACCAGGGUGUCGCCCUCGAACUUCACCUCGGCGCGGGUCUUGUAGUUGC,0.4011
GAGGUGAAGUUCGAGGGCG,AUGCGGUUCACCAGGGUGUCGCCCUCGAACUUCACCUCGGCGCGGGUCUUGUAGUUG,0.5814
AGGUGAAGUUCGAGGGCGA,GAUGCGGUUCACCAGGGUGUCGCCCUCGAACUUCACCUCGGCGCGGGUCUUGUAGUU,0.7605
GGUGAAGUUCGAGGGCGAC,CGAUGCGGUUCACCAGGGUGUCGCCCUCGAACUUCACCUCGGCGCGGGUCUUGUAGU,0.6814
GUGAAGUUCGAGGGCGACA,UCGAUGCGGUUCACCAGGGUGUCGCCCUCGAACUUCACCUCGGCGCGGGUCUUGUAG,0.6896
UGAAGUUCGAGGGCGACAC,CUCGAUGCGGUUCACCAGGGUGUCGCCCUCGAACUUCACCUCGGCGCGGGUCUUGUA,0.6649
GAAGUUCGAGGGCGACACC,GCUCGAUGCGGUUCACCAGGGUGUCGCCCUCGAACUUCACCUCGGCGCGGGUCUUGU,0.5184
AAGUUCGAGGGCGACACCC,AGCUCGAUGCGGUUCACCAGGGUGUCGCCCUCGAACUUCACCUCGGCGCGGGUCUUG,0.3857
AGUUCGAGGGCGACACCCU,CAGCUCGAUGCGGUUCACCAGGGUGUCGCCCUCGAACUUCACCUCGGCGCGGGUCUU,0.537
GUUCGAGGGCGACACCCUG,UCAGCUCGAUGCGGUUCACCAGGGUGUCGCCCUCGAACUUCACCUCGGCGCGGGUCU,0.5899
UUCGAGGGCGACACCCUGG,UUCAGCUCGAUGCGGUUCACCAGGGUGUCGCCCUCGAACUUCACCUCGGCGCGGGUC,0.2694
UCGAGGGCGACACCCUGGU,CUUCAGCUCGAUGCGGUUCACCAGGGUGUCGCCCUCGAACUUCACCUCGGCGCGGGU,0.3261
CGAGGGCGACACCCUGGUG,CCUUCAGCUCGAUGCGGUUCACCAGGGUGUCGCCCUCGAACUUCACCUCGGCGCGGG,0.2529
GAGGGCGACACCCUGGUGA,CCCUUCAGCUCGAUGCGGUUCACCAGGGUGUCGCCCUCGAACUUCACCUCGGCGCGG,0.3928
AGGGCGACACCCUGGUGAA,GCCCUUCAGCUCGAUGCGGUUCACCAGGGUGUCGCCCUCGAACUUCACCUCGGCGCG,0.5557
GGGCGACACCCUGGUGAAC,UGCCCUUCAGCUCGAUGCGGUUCACCAGGGUGUCGCCCUCGAACUUCACCUCGGCGC,0.443
GGCGACACCCUGGUGAACC,AUGCCCUUCAGCUCGAUGCGGUUCACCAGGGUGUCGCCCUCGAACUUCACCUCGGCG,0.62
GCGACACCCUGGUGAACCG,GAUGCCCUUCAGCUCGAUGCGGUUCACCAGGGUGUCGCCCUCGAACUUCACCUCGGC,0.8095
CGACACCCUGGUGAACCGC,CGAUGCCCUUCAGCUCGAUGCGGUUCACCAGGGUGUCGCCCUCGAACUUCACCUCGG,0.3844
GACACCCUGGUGAACCGCA,UCGAUGCCCUUCAGCUCGAUGCGGUUCACCAGGGUGUCGCCCUCGAACUUCACCUCG,0.5135
ACACCCUGGUGAACCGCAU,GUCGAUGCCCUUCAGCUCGAUGCGGUUCACCAGGGUGUCGCCCUCGAACUUCACCUC,0.7563
CACCCUGGUGAACCGCAUC,AGUCGAUGCCCUUCAGCUCGAUGCGGUUCACCAGGGUGUCGCCCUCGAACUUCACCU,0.66
ACCCUGGUGAACCGCAUCG,AAGUCGAUGCCCUUCAGCUCGAUGCGGUUCACCAGGGUGUCGCCCUCGAACUUCACC,0.5081
CCCUGGUGAACCGCAUCGA,GAAGUCGAUGCCCUUCAGCUCGAUGCGGUUCACCAGGGUGUCGCCCUCGAACUUCAC,0.8286
CCUGGUGAACCGCAUCGAG,UGAAGUCGAUGCCCUUCAGCUCGAUGCGGUUCACCAGGGUGUCGCCCUCGAACUUCA,0.6413
CUGGUGAACCGCAUCGAGC,UUGAAGUCGAUGCCCUUCAGCUCGAUGCGGUUCACCAGGGUGUCGCCCUCGAACUUC,0.5562
UGGUGAACCGCAUCGAGCU,CUUGAAGUCGAUGCCCUUCAGCUCGAUGCGGUUCACCAGGGUGUCGCCCUCGAACUU,0.6168
GGUGAACCGCAUCGAGCUG,CCUUGAAGUCGAUGCCCUUCAGCUCGAUGCGGUUCACCAGGGUGUCGCCCUCGAACU,0.5774
GUGAACCGCAUCGAGCUGA,UCCUUGAAGUCGAUGCCCUUCAGCUCGAUGCGGUUCACCAGGGUGUCGCCCUCGAAC,0.7125
UGAACCGCAUCGAGCUGAA,CUCCUUGAAGUCGAUGCCCUUCAGCUCGAUGCGGUUCACCAGGGUGUCGCCCUCGAA,0.7765
GAACCGCAUCGAGCUGAAG,CCUCCUUGAAGUCGAUGCCCUUCAGCUCGAUGCGGUUCACCAGGGUGUCGCCCUCGA,0.6941
AACCGCAUCGAGCUGAAGG,UCCUCCUUGAAGUCGAUGCCCUUCAGCUCGAUGCGGUUCACCAGGGUGUCGCCCUCG,0.5252
ACCGCAUCGAGCUGAAGGG,GUCCUCCUUGAAGUCGAUGCCCUUCAGCUCGAUGCGGUUCACCAGGGUGUCGCCCUC,0.7009
CCGCAUCGAGCUGAAGGGC,CGUCCUCCUUGAAGUCGAUGCCCUUCAGCUCGAUGCGGUUCACCAGGGUGUCGCCCU,0.3751
CGCAUCGAGCUGAAGGGCA,CCGUCCUCCUUGAAGUCGAUGCCCUUCAGCUCGAUGCGGUUCACCAGGGUGUCGCCC,0.8091
GCAUCGAGCUGAAGGGCAU,GCCGUCCUCCUUGAAGUCGAUGCCCUUCAGCUCGAUGCGGUUCACCAGGGUGUCGCC,0.8365
CAUCGAGCUGAAGGGCAUC,UGCCGUCCUCCUUGAAGUCGAUGCCCUUCAGCUCGAUGCGGUUCACCAGGGUGUCGC,0.7267
AUCGAGCUGAAGGGCAUCG,UUGCCGUCCUCCUUGAAGUCGAUGCCCUUCAGCUCGAUGCGGUUCACCAGGGUGUCG,0.467
UCGAGCUGAAGGGCAUCGA,GUUGCCGUCCUCCUUGAAGUCGAUGCCCUUCAGCUCGAUGCGGUUCACCAGGGUGUC,0.5202
CGAGCUGAAGGGCAUCGAC,UGUUGCCGUCCUCCUUGAAGUCGAUGCCCUUCAGCUCGAUGCGGUUCACCAGGGUGU,0.6553
GAGCUGAAGGGCAUCGACU,AUGUUGCCGUCCUCCUUGAAGUCGAUGCCCUUCAGCUCGAUGCGGUUCACCAGGGUG,0.605
AGCUGAAGGGCAUCGACUU,GAUGUUGCCGUCCUCCUUGAAGUCGAUGCCCUUCAGCUCGAUGCGGUUCACCAGGGU,0.8001
GCUGAAGGGCAUCGACUUC,GGAUGUUGCCGUCCUCCUUGAAGUCGAUGCCCUUCAGCUCGAUGCGGUUCACCAGGG,0.6655
CUGAAGGGCAUCGACUUCA,AGGAUGUUGCCGUCCUCCUUGAAGUCGAUGCCCUUCAGCUCGAUGCGGUUCACCAGG,0.7436
UGAAGGGCAUCGACUUCAA,CAGGAUGUUGCCGUCCUCCUUGAAGUCGAUGCCCUUCAGCUCGAUGCGGUUCACCAG,0.6404
GAAGGGCAUCGACUUCAAG,CCAGGAUGUUGCCGUCCUCCUUGAAGUCGAUGCCCUUCAGCUCGAUGCGGUUCACCA,0.5947
AAGGGCAUCGACUUCAAGG,CCCAGGAUGUUGCCGUCCUCCUUGAAGUCGAUGCCCUUCAGCUCGAUGCGGUUCACC,0.4318
AGGGCAUCGACUUCAAGGA,CCCCAGGAUGUUGCCGUCCUCCUUGAAGUCGAUGCCCUUCAGCUCGAUGCGGUUCAC,0.7995
GGGCAUCGACUUCAAGGAG,GCCCCAGGAUGUUGCCGUCCUCCUUGAAGUCGAUGCCCUUCAGCUCGAUGCGGUUCA,0.5823
GGCAUCGACUUCAAGGAGG,UGCCCCAGGAUGUUGCCGUCCUCCUUGAAGUCGAUGCCCUUCAGCUCGAUGCGGUUC,0.8301
GCAUCGACUUCAAGGAGGA,GUGCCCCAGGAUGUUGCCGUCCUCCUUGAAGUCGAUGCCCUUCAGCUCGAUGCGGUU,0.919
CAUCGACUUCAAGGAGGAC,UGUGCCCCAGGAUGUUGCCGUCCUCCUUGAAGUCGAUGCCCUUCAGCUCGAUGCGGU,0.5173
AUCGACUUCAAGGAGGACG,UUGUGCCCCAGGAUGUUGCCGUCCUCCUUGAAGUCGAUGCCCUUCAGCUCGAUGCGG,0.1956
UCGACUUCAAGGAGGACGG,CUUGUGCCCCAGGAUGUUGCCGUCCUCCUUGAAGUCGAUGCCCUUCAGCUCGAUGCG,0.442
CGACUUCAAGGAGGACGGC,GCUUGUGCCCCAGGAUGUUGCCGUCCUCCUUGAAGUCGAUGCCCUUCAGCUCGAUGC,0.4217
GACUUCAAGGAGGACGGCA,AGCUUGUGCCCCAGGAUGUUGCCGUCCUCCUUGAAGUCGAUGCCCUUCAGCUCGAUG,0.5368
ACUUCAAGGAGGACGGCAA,CAGCUUGUGCCCCAGGAUGUUGCCGUCCUCCUUGAAGUCGAUGCCCUUCAGCUCGAU,0.8676
CUUCAAGGAGGACGGCAAC,CCAGCUUGUGCCCCAGGAUGUUGCCGUCCUCCUUGAAGUCGAUGCCCUUCAGCUCGA,0.6285
UUCAAGGAGGACGGCAACA,UCCAGCUUGUGCCCCAGGAUGUUGCCGUCCUCCUUGAAGUCGAUGCCCUUCAGCUCG,0.682
UCAAGGAGGACGGCAACAU,CUCCAGCUUGUGCCCCAGGAUGUUGCCGUCCUCCUUGAAGUCGAUGCCCUUCAGCUC,0.9074
CAAGGAGGACGGCAACAUC,ACUCCAGCUUGUGCCCCAGGAUGUUGCCGUCCUCCUUGAAGUCGAUGCCCUUCAGCU,0.7147
AAGGAGGACGGCAACAUCC,UACUCCAGCUUGUGCCCCAGGAUGUUGCCGUCCUCCUUGAAGUCGAUGCCCUUCAGC,0.3098
AGGAGGACGGCAACAUCCU,GUACUCCAGCUUGUGCCCCAGGAUGUUGCCGUCCUCCUUGAAGUCGAUGCCCUUCAG,0.6857
GGAGGACGGCAACAUCCUG,UGUACUCCAGCUUGUGCCCCAGGAUGUUGCCGUCCUCCUUGAAGUCGAUGCCCUUCA,0.4072
GAGGACGGCAACAUCCUGG,UUGUACUCCAGCUUGUGCCCCAGGAUGUUGCCGUCCUCCUUGAAGUCGAUGCCCUUC,0.1523
AGGACGGCAACAUCCUGGG,GUUGUACUCCAGCUUGUGCCCCAGGAUGUUGCCGUCCUCCUUGAAGUCGAUGCCCUU,0.8061
GGACGGCAACAUCCUGGGG,AGUUGUACUCCAGCUUGUGCCCCAGGAUGUUGCCGUCCUCCUUGAAGUCGAUGCCCU,0.8166
GACGGCAACAUCCUGGGGC,UAGUUGUACUCCAGCUUGUGCCCCAGGAUGUUGCCGUCCUCCUUGAAGUCGAUGCCC,0.2824
ACGGCAACAUCCUGGGGCA,GUAGUUGUACUCCAGCUUGUGCCCCAGGAUGUUGCCGUCCUCCUUGAAGUCGAUGCC,0.8416
CGGCAACAUCCUGGGGCAC,UGUAGUUGUACUCCAGCUUGUGCCCCAGGAUGUUGCCGUCCUCCUUGAAGUCGAUGC,0.5535
GGCAACAUCCUGGGGCACA,UUGUAGUUGUACUCCAGCUUGUGCCCCAGGAUGUUGCCGUCCUCCUUGAAGUCGAUG,0.6858
GCAACAUCCUGGGGCACAA,GUUGUAGUUGUACUCCAGCUUGUGCCCCAGGAUGUUGCCGUCCUCCUUGAAGUCGAU,0.8443
CAACAUCCUGGGGCACAAG,UGUUGUAGUUGUACUCCAGCUUGUGCCCCAGGAUGUUGCCGUCCUCCUUGAAGUCGA,0.7697
AACAUCCUGGGGCACAAGC,CUGUUGUAGUUGUACUCCAGCUUGUGCCCCAGGAUGUUGCCGUCCUCCUUGAAGUCG,0.3947
ACAUCCUGGGGCACAAGCU,GCUGUUGUAGUUGUACUCCAGCUUGUGCCCCAGGAUGUUGCCGUCCUCCUUGAAGUC,0.5551
CAUCCUGGGGCACAAGCUG,GGCUGUUGUAGUUGUACUCCAGCUUGUGCCCCAGGAUGUUGCCGUCCUCCUUGAAGU,0.4512
AUCCUGGGGCACAAGCUGG,UGGCUGUUGUAGUUGUACUCCAGCUUGUGCCCCAGGAUGUUGCCGUCCUCCUUGAAG,0.329
UCCUGGGGCACAAGCUGGA,GUGGCUGUUGUAGUUGUACUCCAGCUUGUGCCCCAGGAUGUUGCCGUCCUCCUUGAA,0.6464
CCUGGGGCACAAGCUGGAG,UGUGGCUGUUGUAGUUGUACUCCAGCUUGUGCCCCAGGAUGUUGCCGUCCUCCUUGA,0.2671
CUGGGGCACAAGCUGGAGU,UUGUGGCUGUUGUAGUUGUACUCCAGCUUGUGCCCCAGGAUGUUGCCGUCCUCCUUG,0.9087
UGGGGCACAAGCUGGAGUA,GUUGUGGCUGUUGUAGUUGUACUCCAGCUUGUGCCCCAGGAUGUUGCCGUCCUCCUU,0.6489
GGGGCACAAGCUGGAGUAC,CGUUGUGGCUGUUGUAGUUGUACUCCAGCUUGUGCCCCAGGAUGUUGCCGUCCUCCU,0.508
GGGCACAAGCUGGAGUACA,ACGUUGUGGCUGUUGUAGUUGUACUCCAGCUUGUGCCCCAGGAUGUUGCCGUCCUCC,0.8884
GGCACAAGCUGGAGUACAA,GACGUUGUGGCUGUUGUAGUUGUACUCCAGCUUGUGCCCCAGGAUGUUGCCGUCCUC,0.8995
GCACAAGCUGGAGUACAAC,AGACGUUGUGGCUGUUGUAGUUGUACUCCAGCUUGUGCCCCAGGAUGUUGCCGUCCU,0.8591
CACAAGCUGGAGUACAACU,UAGACGUUGUGGCUGUUGUAGUUGUACUCCAGCUUGUGCCCCAGGAUGUUGCCGUCC,0.7347
ACAAGCUGGAGUACAACUA,AUAGACGUUGUGGCUGUUGUAGUUGUACUCCAGCUUGUGCCCCAGGAUGUUGCCGUC,0.7766
CAAGCUGGAGUACAACUAC,UAUAGACGUUGUGGCUGUUGUAGUUGUACUCCAGCUUGUGCCCCAGGAUGUUGCCGU,0.776
AAGCUGGAGUACAACUACA,AUAUAGACGUUGUGGCUGUUGUAGUUGUACUCCAGCUUGUGCCCCAGGAUGUUGCCG,0.7417
AGCUGGAGUACAACUACAA,GAUAUAGACGUUGUGGCUGUUGUAGUUGUACUCCAGCUUGUGCCCCAGGAUGUUGCC,0.8159
GCUGGAGUACAACUACAAC,UGAUAUAGACGUUGUGGCUGUUGUAGUUGUACUCCAGCUUGUGCCCCAGGAUGUUGC,0.6999
CUGGAGUACAACUACAACA,AUGAUAUAGACGUUGUGGCUGUUGUAGUUGUACUCCAGCUUGUGCCCCAGGAUGUUG,0.7629
UGGAGUACAACUACAACAG,CAUGAUAUAGACGUUGUGGCUGUUGUAGUUGUACUCCAGCUUGUGCCCCAGGAUGUU,0.5626
GGAGUACAACUACAACAGC,CCAUGAUAUAGACGUUGUGGCUGUUGUAGUUGUACUCCAGCUUGUGCCCCAGGAUGU,0.7402
GAGUACAACUACAACAGCC,GCCAUGAUAUAGACGUUGUGGCUGUUGUAGUUGUACUCCAGCUUGUGCCCCAGGAUG,0.8532
AGUACAACUACAACAGCCA,GGCCAUGAUAUAGACGUUGUGGCUGUUGUAGUUGUACUCCAGCUUGUGCCCCAGGAU,0.8116
GUACAACUACAACAGCCAC,CGGCCAUGAUAUAGACGUUGUGGCUGUUGUAGUUGUACUCCAGCUUGUGCCCCAGGA,0.7582
UACAACUACAACAGCCACA,UCGGCCAUGAUAUAGACGUUGUGGCUGUUGUAGUUGUACUCCAGCUUGUGCCCCAGG,0.6922
ACAACUACAACAGCCACAA,GUCGGCCAUGAUAUAGACGUUGUGGCUGUUGUAGUUGUACUCCAGCUUGUGCCCCAG,0.7
CAACUACAACAGCCACAAC,UGUCGGCCAUGAUAUAGACGUUGUGGCUGUUGUAGUUGUACUCCAGCUUGUGCCCCA,0.6817
AACUACAACAGCCACAACG,UUGUCGGCCAUGAUAUAGACGUUGUGGCUGUUGUAGUUGUACUCCAGCUUGUGCCCC,0.6852
ACUACAACAGCCACAACGU,CUUGUCGGCCAUGAUAUAGACGUUGUGGCUGUUGUAGUUGUACUCCAGCUUGUGCCC,0.9137
CUACAACAGCCACAACGUC,GCUUGUCGGCCAUGAUAUAGACGUUGUGGCUGUUGUAGUUGUACUCCAGCUUGUGCC,0.8553
UACAACAGCCACAACGUCU,UGCUUGUCGGCCAUGAUAUAGACGUUGUGGCUGUUGUAGUUGUACUCCAGCUUGUGC,0.7931
ACAACAGCCACAACGUCUA,CUGCUUGUCGGCCAUGAUAUAGACGUUGUGGCUGUUGUAGUUGUACUCCAGCUUGUG,0.9191
CAACAGCCACAACGUCUAU,UCUGCUUGUCGGCCAUGAUAUAGACGUUGUGGCUGUUGUAGUUGUACUCCAGCUUGU,0.7833
AACAGCCACAACGUCUAUA,UUCUGCUUGUCGGCCAUGAUAUAGACGUUGUGGCUGUUGUAGUUGUACUCCAGCUUG,0.7312
ACAGCCACAACGUCUAUAU,CUUCUGCUUGUCGGCCAUGAUAUAGACGUUGUGGCUGUUGUAGUUGUACUCCAGCUU,0.7434
CAGCCACAACGUCUAUAUC,UCUUCUGCUUGUCGGCCAUGAUAUAGACGUUGUGGCUGUUGUAGUUGUACUCCAGCU,0.7199
AGCCACAACGUCUAUAUCA,UUCUUCUGCUUGUCGGCCAUGAUAUAGACGUUGUGGCUGUUGUAGUUGUACUCCAGC,0.7587
GCCACAACGUCUAUAUCAU,GUUCUUCUGCUUGUCGGCCAUGAUAUAGACGUUGUGGCUGUUGUAGUUGUACUCCAG,0.9668
CCACAACGUCUAUAUCAUG,CGUUCUUCUGCUUGUCGGCCAUGAUAUAGACGUUGUGGCUGUUGUAGUUGUACUCCA,0.8794
CACAACGUCUAUAUCAUGG,CCGUUCUUCUGCUUGUCGGCCAUGAUAUAGACGUUGUGGCUGUUGUAGUUGUACUCC,0.6459
ACAACGUCUAUAUCAUGGC,GCCGUUCUUCUGCUUGUCGGCCAUGAUAUAGACGUUGUGGCUGUUGUAGUUGUACUC,0.2748
CAACGUCUAUAUCAUGGCC,UGCCGUUCUUCUGCUUGUCGGCCAUGAUAUAGACGUUGUGGCUGUUGUAGUUGUACU,0.5301
AACGUCUAUAUCAUGGCCG,AUGCCGUUCUUCUGCUUGUCGGCCAUGAUAUAGACGUUGUGGCUGUUGUAGUUGUAC,0.336
ACGUCUAUAUCAUGGCCGA,GAUGCCGUUCUUCUGCUUGUCGGCCAUGAUAUAGACGUUGUGGCUGUUGUAGUUGUA,0.687
CGUCUAUAUCAUGGCCGAC,UGAUGCCGUUCUUCUGCUUGUCGGCCAUGAUAUAGACGUUGUGGCUGUUGUAGUUGU,0.5555
GUCUAUAUCAUGGCCGACA,UUGAUGCCGUUCUUCUGCUUGUCGGCCAUGAUAUAGACGUUGUGGCUGUUGUAGUUG,0.4375
UCUAUAUCAUGGCCGACAA,CUUGAUGCCGUUCUUCUGCUUGUCGGCCAUGAUAUAGACGUUGUGGCUGUUGUAGUU,0.697
CUAUAUCAUGGCCGACAAG,CCUUGAUGCCGUUCUUCUGCUUGUCGGCCAUGAUAUAGACGUUGUGGCUGUUGUAGU,0.605
UAUAUCAUGGCCGACAAGC,ACCUUGAUGCCGUUCUUCUGCUUGUCGGCCAUGAUAUAGACGUUGUGGCUGUUGUAG,0.3407
AUAUCAUGGCCGACAAGCA,CACCUUGAUGCCGUUCUUCUGCUUGUCGGCCAUGAUAUAGACGUUGUGGCUGUUGUA,0.8553
UAUCAUGGCCGACAAGCAG,UCACCUUGAUGCCGUUCUUCUGCUUGUCGGCCAUGAUAUAGACGUUGUGGCUGUUGU,0.6107
AUCAUGGCCGACAAGCAGA,UUCACCUUGAUGCCGUUCUUCUGCUUGUCGGCCAUGAUAUAGACGUUGUGGCUGUUG,0.6607
UCAUGGCCGACAAGCAGAA,GUUCACCUUGAUGCCGUUCUUCUGCUUGUCGGCCAUGAUAUAGACGUUGUGGCUGUU,0.729
CAUGGCCGACAAGCAGAAG,AGUUCACCUUGAUGCCGUUCUUCUGCUUGUCGGCCAUGAUAUAGACGUUGUGGCUGU,0.3802
AUGGCCGACAAGCAGAAGA,AAGUUCACCUUGAUGCCGUUCUUCUGCUUGUCGGCCAUGAUAUAGACGUUGUGGCUG,0.6246
UGGCCGACAAGCAGAAGAA,GAAGUUCACCUUGAUGCCGUUCUUCUGCUUGUCGGCCAUGAUAUAGACGUUGUGGCU,0.8216
GGCCGACAAGCAGAAGAAC,UGAAGUUCACCUUGAUGCCGUUCUUCUGCUUGUCGGCCAUGAUAUAGACGUUGUGGC,0.6325
GCCGACAAGCAGAAGAACG,UUGAAGUUCACCUUGAUGCCGUUCUUCUGCUUGUCGGCCAUGAUAUAGACGUUGUGG,0.9076
CCGACAAGCAGAAGAACGG,CUUGAAGUUCACCUUGAUGCCGUUCUUCUGCUUGUCGGCCAUGAUAUAGACGUUGUG,0.8389
CGACAAGCAGAAGAACGGC,UCUUGAAGUUCACCUUGAUGCCGUUCUUCUGCUUGUCGGCCAUGAUAUAGACGUUGU,0.7605
GACAAGCAGAAGAACGGCA,AUCUUGAAGUUCACCUUGAUGCCGUUCUUCUGCUUGUCGGCCAUGAUAUAGACGUUG,0.8426
ACAAGCAGAAGAACGGCAU,GAUCUUGAAGUUCACCUUGAUGCCGUUCUUCUGCUUGUCGGCCAUGAUAUAGACGUU,0.7288
CAAGCAGAAGAACGGCAUC,GGAUCUUGAAGUUCACCUUGAUGCCGUUCUUCUGCUUGUCGGCCAUGAUAUAGACGU,0.7226
AAGCAGAAGAACGGCAUCA,CGGAUCUUGAAGUUCACCUUGAUGCCGUUCUUCUGCUUGUCGGCCAUGAUAUAGACG,0.7894
AGCAGAAGAACGGCAUCAA,GCGGAUCUUGAAGUUCACCUUGAUGCCGUUCUUCUGCUUGUCGGCCAUGAUAUAGAC,0.7319
GCAGAAGAACGGCAUCAAG,GGCGGAUCUUGAAGUUCACCUUGAUGCCGUUCUUCUGCUUGUCGGCCAUGAUAUAGA,0.6215
CAGAAGAACGGCAUCAAGG,UGGCGGAUCUUGAAGUUCACCUUGAUGCCGUUCUUCUGCUUGUCGGCCAUGAUAUAG,0.7329
AGAAGAACGGCAUCAAGGU,GUGGCGGAUCUUGAAGUUCACCUUGAUGCCGUUCUUCUGCUUGUCGGCCAUGAUAUA,0.8246
GAAGAACGGCAUCAAGGUG,UGUGGCGGAUCUUGAAGUUCACCUUGAUGCCGUUCUUCUGCUUGUCGGCCAUGAUAU,0.6843
AAGAACGGCAUCAAGGUGA,UUGUGGCGGAUCUUGAAGUUCACCUUGAUGCCGUUCUUCUGCUUGUCGGCCAUGAUA,0.7062
AGAACGGCAUCAAGGUGAA,GUUGUGGCGGAUCUUGAAGUUCACCUUGAUGCCGUUCUUCUGCUUGUCGGCCAUGAU,0.9147
GAACGGCAUCAAGGUGAAC,UGUUGUGGCGGAUCUUGAAGUUCACCUUGAUGCCGUUCUUCUGCUUGUCGGCCAUGA,0.7428
AACGGCAUCAAGGUGAACU,AUGUUGUGGCGGAUCUUGAAGUUCACCUUGAUGCCGUUCUUCUGCUUGUCGGCCAUG,0.5925
ACGGCAUCAAGGUGAACUU,GAUGUUGUGGCGGAUCUUGAAGUUCACCUUGAUGCCGUUCUUCUGCUUGUCGGCCAU,0.8702
CGGCAUCAAGGUGAACUUC,CGAUGUUGUGGCGGAUCUUGAAGUUCACCUUGAUGCCGUUCUUCUGCUUGUCGGCCA,0.7062
GGCAUCAAGGUGAACUUCA,UCGAUGUUGUGGCGGAUCUUGAAGUUCACCUUGAUGCCGUUCUUCUGCUUGUCGGCC,0.9406
GCAUCAAGGUGAACUUCAA,CUCGAUGUUGUGGCGGAUCUUGAAGUUCACCUUGAUGCCGUUCUUCUGCUUGUCGGC,0.9063
CAUCAAGGUGAACUUCAAG,CCUCGAUGUUGUGGCGGAUCUUGAAGUUCACCUUGAUGCCGUUCUUCUGCUUGUCGG,0.855
AUCAAGGUGAACUUCAAGA,UCCUCGAUGUUGUGGCGGAUCUUGAAGUUCACCUUGAUGCCGUUCUUCUGCUUGUCG,0.7714
UCAAGGUGAACUUCAAGAU,GUCCUCGAUGUUGUGGCGGAUCUUGAAGUUCACCUUGAUGCCGUUCUUCUGCUUGUC,0.9603
CAAGGUGAACUUCAAGAUC,CGUCCUCGAUGUUGUGGCGGAUCUUGAAGUUCACCUUGAUGCCGUUCUUCUGCUUGU,0.9371
AAGGUGAACUUCAAGAUCC,CCGUCCUCGAUGUUGUGGCGGAUCUUGAAGUUCACCUUGAUGCCGUUCUUCUGCUUG,0.9386
AGGUGAACUUCAAGAUCCG,GCCGUCCUCGAUGUUGUGGCGGAUCUUGAAGUUCACCUUGAUGCCGUUCUUCUGCUU,0.9327
GGUGAACUUCAAGAUCCGC,UGCCGUCCUCGAUGUUGUGGCGGAUCUUGAAGUUCACCUUGAUGCCGUUCUUCUGCU,0.726
GUGAACUUCAAGAUCCGCC,CUGCCGUCCUCGAUGUUGUGGCGGAUCUUGAAGUUCACCUUGAUGCCGUUCUUCUGC,0.5676
UGAACUUCAAGAUCCGCCA,GCUGCCGUCCUCGAUGUUGUGGCGGAUCUUGAAGUUCACCUUGAUGCCGUUCUUCUG,0.7809
GAACUUCAAGAUCCGCCAC,CGCUGCCGUCCUCGAUGUUGUGGCGGAUCUUGAAGUUCACCUUGAUGCCGUUCUUCU,0.7505
AACUUCAAGAUCCGCCACA,ACGCUGCCGUCCUCGAUGUUGUGGCGGAUCUUGAAGUUCACCUUGAUGCCGUUCUUC,0.6581
ACUUCAAGAUCCGCCACAA,CACGCUGCCGUCCUCGAUGUUGUGGCGGAUCUUGAAGUUCACCUUGAUGCCGUUCUU,0.8453
CUUCAAGAUCCGCCACAAC,GCACGCUGCCGUCCUCGAUGUUGUGGCGGAUCUUGAAGUUCACCUUGAUGCCGUUCU,0.6902
UUCAAGAUCCGCCACAACA,UGCACGCUGCCGUCCUCGAUGUUGUGGCGGAUCUUGAAGUUCACCUUGAUGCCGUUC,0.8189
UCAAGAUCCGCCACAACAU,CUGCACGCUGCCGUCCUCGAUGUUGUGGCGGAUCUUGAAGUUCACCUUGAUGCCGUU,0.8001
CAAGAUCCGCCACAACAUC,GCUGCACGCUGCCGUCCUCGAUGUUGUGGCGGAUCUUGAAGUUCACCUUGAUGCCGU,0.5762
AAGAUCCGCCACAACAUCG,AGCUGCACGCUGCCGUCCUCGAUGUUGUGGCGGAUCUUGAAGUUCACCUUGAUGCCG,0.6221
AGAUCCGCCACAACAUCGA,GAGCUGCACGCUGCCGUCCUCGAUGUUGUGGCGGAUCUUGAAGUUCACCUUGAUGCC,0.8025
GAUCCGCCACAACAUCGAG,CGAGCUGCACGCUGCCGUCCUCGAUGUUGUGGCGGAUCUUGAAGUUCACCUUGAUGC,0.5792
AUCCGCCACAACAUCGAGG,GCGAGCUGCACGCUGCCGUCCUCGAUGUUGUGGCGGAUCUUGAAGUUCACCUUGAUG,0.3676
UCCGCCACAACAUCGAGGA,GGCGAGCUGCACGCUGCCGUCCUCGAUGUUGUGGCGGAUCUUGAAGUUCACCUUGAU,0.7777
CCGCCACAACAUCGAGGAC,CGGCGAGCUGCACGCUGCCGUCCUCGAUGUUGUGGCGGAUCUUGAAGUUCACCUUGA,0.2922
CGCCACAACAUCGAGGACG,UCGGCGAGCUGCACGCUGCCGUCCUCGAUGUUGUGGCGGAUCUUGAAGUUCACCUUG,0.3641
GCCACAACAUCGAGGACGG,GUCGGCGAGCUGCACGCUGCCGUCCUCGAUGUUGUGGCGGAUCUUGAAGUUCACCUU,0.7344
CCACAACAUCGAGGACGGC,GGUCGGCGAGCUGCACGCUGCCGUCCUCGAUGUUGUGGCGGAUCUUGAAGUUCACCU,0.5045
CACAACAUCGAGGACGGCA,UGGUCGGCGAGCUGCACGCUGCCGUCCUCGAUGUUGUGGCGGAUCUUGAAGUUCACC,0.4256
ACAACAUCGAGGACGGCAG,GUGGUCGGCGAGCUGCACGCUGCCGUCCUCGAUGUUGUGGCGGAUCUUGAAGUUCAC,0.4976
CAACAUCGAGGACGGCAGC,AGUGGUCGGCGAGCUGCACGCUGCCGUCCUCGAUGUUGUGGCGGAUCUUGAAGUUCA,0.4107
AACAUCGAGGACGGCAGCG,UAGUGGUCGGCGAGCUGCACGCUGCCGUCCUCGAUGUUGUGGCGGAUCUUGAAGUUC,0.2207
ACAUCGAGGACGGCAGCGU,GUAGUGGUCGGCGAGCUGCACGCUGCCGUCCUCGAUGUUGUGGCGGAUCUUGAAGUU,0.4668
CAUCGAGGACGGCAGCGUG,GGUAGUGGUCGGCGAGCUGCACGCUGCCGUCCUCGAUGUUGUGGCGGAUCUUGAAGU,0.5556
AUCGAGGACGGCAGCGUGC,UGGUAGUGGUCGGCGAGCUGCACGCUGCCGUCCUCGAUGUUGUGGCGGAUCUUGAAG,0.299
UCGAGGACGGCAGCGUGCA,CUGGUAGUGGUCGGCGAGCUGCACGCUGCCGUCCUCGAUGUUGUGGCGGAUCUUGAA,0.3745
CGAGGACGGCAGCGUGCAG,GCUGGUAGUGGUCGGCGAGCUGCACGCUGCCGUCCUCGAUGUUGUGGCGGAUCUUGA,0.2754
GAGGACGGCAGCGUGCAGC,UGCUGGUAGUGGUCGGCGAGCUGCACGCUGCCGUCCUCGAUGUUGUGGCGGAUCUUG,0.2011
AGGACGGCAGCGUGCAGCU,CUGCUGGUAGUGGUCGGCGAGCUGCACGCUGCCGUCCUCGAUGUUGUGGCGGAUCUU,0.2623
GGACGGCAGCGUGCAGCUC,UCUGCUGGUAGUGGUCGGCGAGCUGCACGCUGCCGUCCUCGAUGUUGUGGCGGAUCU,0.3997
GACGGCAGCGUGCAGCUCG,UUCUGCUGGUAGUGGUCGGCGAGCUGCACGCUGCCGUCCUCGAUGUUGUGGCGGAUC,0.3047
ACGGCAGCGUGCAGCUCGC,GUUCUGCUGGUAGUGGUCGGCGAGCUGCACGCUGCCGUCCUCGAUGUUGUGGCGGAU,0.3153
CGGCAGCGUGCAGCUCGCC,UGUUCUGCUGGUAGUGGUCGGCGAGCUGCACGCUGCCGUCCUCGAUGUUGUGGCGGA,0.2787
GGCAGCGUGCAGCUCGCCG,GUGUUCUGCUGGUAGUGGUCGGCGAGCUGCACGCUGCCGUCCUCGAUGUUGUGGCGG,0.156
GCAGCGUGCAGCUCGCCGA,GGUGUUCUGCUGGUAGUGGUCGGCGAGCUGCACGCUGCCGUCCUCGAUGUUGUGGCG,0.4576
CAGCGUGCAGCUCGCCGAC,GGGUGUUCUGCUGGUAGUGGUCGGCGAGCUGCACGCUGCCGUCCUCGAUGUUGUGGC,0.3052
AGCGUGCAGCUCGCCGACC,GGGGUGUUCUGCUGGUAGUGGUCGGCGAGCUGCACGCUGCCGUCCUCGAUGUUGUGG,0.3625
GCGUGCAGCUCGCCGACCA,GGGGGUGUUCUGCUGGUAGUGGUCGGCGAGCUGCACGCUGCCGUCCUCGAUGUUGUG,0.6215
CGUGCAGCUCGCCGACCAC,UGGGGGUGUUCUGCUGGUAGUGGUCGGCGAGCUGCACGCUGCCGUCCUCGAUGUUGU,0.5446
GUGCAGCUCGCCGACCACU,AUGGGGGUGUUCUGCUGGUAGUGGUCGGCGAGCUGCACGCUGCCGUCCUCGAUGUUG,0.5692
UGCAGCUCGCCGACCACUA,GAUGGGGGUGUUCUGCUGGUAGUGGUCGGCGAGCUGCACGCUGCCGUCCUCGAUGUU,0.5641
GCAGCUCGCCGACCACUAC,CGAUGGGGGUGUUCUGCUGGUAGUGGUCGGCGAGCUGCACGCUGCCGUCCUCGAUGU,0.5122
CAGCUCGCCGACCACUACC,CCGAUGGGGGUGUUCUGCUGGUAGUGGUCGGCGAGCUGCACGCUGCCGUCCUCGAUG,0.4993
AGCUCGCCGACCACUACCA,GCCGAUGGGGGUGUUCUGCUGGUAGUGGUCGGCGAGCUGCACGCUGCCGUCCUCGAU,0.6464
GCUCGCCGACCACUACCAG,CGCCGAUGGGGGUGUUCUGCUGGUAGUGGUCGGCGAGCUGCACGCUGCCGUCCUCGA,0.3438
CUCGCCGACCACUACCAGC,UCGCCGAUGGGGGUGUUCUGCUGGUAGUGGUCGGCGAGCUGCACGCUGCCGUCCUCG,0.3231
UCGCCGACCACUACCAGCA,GUCGCCGAUGGGGGUGUUCUGCUGGUAGUGGUCGGCGAGCUGCACGCUGCCGUCCUC,0.7412
CGCCGACCACUACCAGCAG,CGUCGCCGAUGGGGGUGUUCUGCUGGUAGUGGUCGGCGAGCUGCACGCUGCCGUCCU,0.3865
GCCGACCACUACCAGCAGA,CCGUCGCCGAUGGGGGUGUUCUGCUGGUAGUGGUCGGCGAGCUGCACGCUGCCGUCC,0.5869
CCGACCACUACCAGCAGAA,GCCGUCGCCGAUGGGGGUGUUCUGCUGGUAGUGGUCGGCGAGCUGCACGCUGCCGUC,0.7821
CGACCACUACCAGCAGAAC,GGCCGUCGCCGAUGGGGGUGUUCUGCUGGUAGUGGUCGGCGAGCUGCACGCUGCCGU,0.5745
GACCACUACCAGCAGAACA,GGGCCGUCGCCGAUGGGGGUGUUCUGCUGGUAGUGGUCGGCGAGCUGCACGCUGCCG,0.7782
ACCACUACCAGCAGAACAC,GGGGCCGUCGCCGAUGGGGGUGUUCUGCUGGUAGUGGUCGGCGAGCUGCACGCUGCC,0.7921
CCACUACCAGCAGAACACC,CGGGGCCGUCGCCGAUGGGGGUGUUCUGCUGGUAGUGGUCGGCGAGCUGCACGCUGC,0.5261
CACUACCAGCAGAACACCC,ACGGGGCCGUCGCCGAUGGGGGUGUUCUGCUGGUAGUGGUCGGCGAGCUGCACGCUG,0.4668
ACUACCAGCAGAACACCCC,CACGGGGCCGUCGCCGAUGGGGGUGUUCUGCUGGUAGUGGUCGGCGAGCUGCACGCU,0.376
CUACCAGCAGAACACCCCC,GCACGGGGCCGUCGCCGAUGGGGGUGUUCUGCUGGUAGUGGUCGGCGAGCUGCACGC,0.5307
UACCAGCAGAACACCCCCA,AGCACGGGGCCGUCGCCGAUGGGGGUGUUCUGCUGGUAGUGGUCGGCGAGCUGCACG,0.6458
ACCAGCAGAACACCCCCAU,CAGCACGGGGCCGUCGCCGAUGGGGGUGUUCUGCUGGUAGUGGUCGGCGAGCUGCAC,0.5593
CCAGCAGAACACCCCCAUC,GCAGCACGGGGCCGUCGCCGAUGGGGGUGUUCUGCUGGUAGUGGUCGGCGAGCUGCA,0.3782
CAGCAGAACACCCCCAUCG,AGCAGCACGGGGCCGUCGCCGAUGGGGGUGUUCUGCUGGUAGUGGUCGGCGAGCUGC,0.3049
AGCAGAACACCCCCAUCGG,CAGCAGCACGGGGCCGUCGCCGAUGGGGGUGUUCUGCUGGUAGUGGUCGGCGAGCUG,0.288
GCAGAACACCCCCAUCGGC,GCAGCAGCACGGGGCCGUCGCCGAUGGGGGUGUUCUGCUGGUAGUGGUCGGCGAGCU,0.2942
CAGAACACCCCCAUCGGCG,GGCAGCAGCACGGGGCCGUCGCCGAUGGGGGUGUUCUGCUGGUAGUGGUCGGCGAGC,0.531
AGAACACCCCCAUCGGCGA,GGGCAGCAGCACGGGGCCGUCGCCGAUGGGGGUGUUCUGCUGGUAGUGGUCGGCGAG,0.5663
GAACACCCCCAUCGGCGAC,CGGGCAGCAGCACGGGGCCGUCGCCGAUGGGGGUGUUCUGCUGGUAGUGGUCGGCGA,0.3382
AACACCCCCAUCGGCGACG,UCGGGCAGCAGCACGGGGCCGUCGCCGAUGGGGGUGUUCUGCUGGUAGUGGUCGGCG,0.1855
ACACCCCCAUCGGCGACGG,GUCGGGCAGCAGCACGGGGCCGUCGCCGAUGGGGGUGUUCUGCUGGUAGUGGUCGGC,0.2081
CACCCCCAUCGGCGACGGC,UGUCGGGCAGCAGCACGGGGCCGUCGCCGAUGGGGGUGUUCUGCUGGUAGUGGUCGG,0.1937
ACCCCCAUCGGCGACGGCC,UUGUCGGGCAGCAGCACGGGGCCGUCGCCGAUGGGGGUGUUCUGCUGGUAGUGGUCG,0.3626
CCCCCAUCGGCGACGGCCC,GUUGUCGGGCAGCAGCACGGGGCCGUCGCCGAUGGGGGUGUUCUGCUGGUAGUGGUC,0.1746
CCCCAUCGGCGACGGCCCC,GGUUGUCGGGCAGCAGCACGGGGCCGUCGCCGAUGGGGGUGUUCUGCUGGUAGUGGU,0.1282
CCCAUCGGCGACGGCCCCG,UGGUUGUCGGGCAGCAGCACGGGGCCGUCGCCGAUGGGGGUGUUCUGCUGGUAGUGG,0.0378
CCAUCGGCGACGGCCCCGU,GUGGUUGUCGGGCAGCAGCACGGGGCCGUCGCCGAUGGGGGUGUUCUGCUGGUAGUG,0.1021
CAUCGGCGACGGCCCCGUG,AGUGGUUGUCGGGCAGCAGCACGGGGCCGUCGCCGAUGGGGGUGUUCUGCUGGUAGU,0.3338
AUCGGCGACGGCCCCGUGC,UAGUGGUUGUCGGGCAGCAGCACGGGGCCGUCGCCGAUGGGGGUGUUCUGCUGGUAG,0.3575
UCGGCGACGGCCCCGUGCU,GUAGUGGUUGUCGGGCAGCAGCACGGGGCCGUCGCCGAUGGGGGUGUUCUGCUGGUA,0.2848
CGGCGACGGCCCCGUGCUG,GGUAGUGGUUGUCGGGCAGCAGCACGGGGCCGUCGCCGAUGGGGGUGUUCUGCUGGU,0.3509
GGCGACGGCCCCGUGCUGC,AGGUAGUGGUUGUCGGGCAGCAGCACGGGGCCGUCGCCGAUGGGGGUGUUCUGCUGG,0.1887
GCGACGGCCCCGUGCUGCU,CAGGUAGUGGUUGUCGGGCAGCAGCACGGGGCCGUCGCCGAUGGGGGUGUUCUGCUG,0.4204
CGACGGCCCCGUGCUGCUG,UCAGGUAGUGGUUGUCGGGCAGCAGCACGGGGCCGUCGCCGAUGGGGGUGUUCUGCU,0.4044
GACGGCCCCGUGCUGCUGC,CUCAGGUAGUGGUUGUCGGGCAGCAGCACGGGGCCGUCGCCGAUGGGGGUGUUCUGC,0.2645
ACGGCCCCGUGCUGCUGCC,GCUCAGGUAGUGGUUGUCGGGCAGCAGCACGGGGCCGUCGCCGAUGGGGGUGUUCUG,0.1961
CGGCCCCGUGCUGCUGCCC,UGCUCAGGUAGUGGUUGUCGGGCAGCAGCACGGGGCCGUCGCCGAUGGGGGUGUUCU,0.1404
GGCCCCGUGCUGCUGCCCG,GUGCUCAGGUAGUGGUUGUCGGGCAGCAGCACGGGGCCGUCGCCGAUGGGGGUGUUC,0.2114
GCCCCGUGCUGCUGCCCGA,GGUGCUCAGGUAGUGGUUGUCGGGCAGCAGCACGGGGCCGUCGCCGAUGGGGGUGUU,0.3652
CCCCGUGCUGCUGCCCGAC,GGGUGCUCAGGUAGUGGUUGUCGGGCAGCAGCACGGGGCCGUCGCCGAUGGGGGUGU,0.4829
CCCGUGCUGCUGCCCGACA,UGGGUGCUCAGGUAGUGGUUGUCGGGCAGCAGCACGGGGCCGUCGCCGAUGGGGGUG,0.3855
CCGUGCUGCUGCCCGACAA,CUGGGUGCUCAGGUAGUGGUUGUCGGGCAGCAGCACGGGGCCGUCGCCGAUGGGGGU,0.7717
CGUGCUGCUGCCCGACAAC,ACUGGGUGCUCAGGUAGUGGUUGUCGGGCAGCAGCACGGGGCCGUCGCCGAUGGGGG,0.7988
GUGCUGCUGCCCGACAACC,GACUGGGUGCUCAGGUAGUGGUUGUCGGGCAGCAGCACGGGGCCGUCGCCGAUGGGG,0.6246
UGCUGCUGCCCGACAACCA,GGACUGGGUGCUCAGGUAGUGGUUGUCGGGCAGCAGCACGGGGCCGUCGCCGAUGGG,0.8683
GCUGCUGCCCGACAACCAC,CGGACUGGGUGCUCAGGUAGUGGUUGUCGGGCAGCAGCACGGGGCCGUCGCCGAUGG,0.7287
CUGCUGCCCGACAACCACU,GCGGACUGGGUGCUCAGGUAGUGGUUGUCGGGCAGCAGCACGGGGCCGUCGCCGAUG,0.542
UGCUGCCCGACAACCACUA,GGCGGACUGGGUGCUCAGGUAGUGGUUGUCGGGCAGCAGCACGGGGCCGUCGCCGAU,0.5672
GCUGCCCGACAACCACUAC,GGGCGGACUGGGUGCUCAGGUAGUGGUUGUCGGGCAGCAGCACGGGGCCGUCGCCGA,0.5043
CUGCCCGACAACCACUACC,AGGGCGGACUGGGUGCUCAGGUAGUGGUUGUCGGGCAGCAGCACGGGGCCGUCGCCG,0.5129
UGCCCGACAACCACUACCU,CAGGGCGGACUGGGUGCUCAGGUAGUGGUUGUCGGGCAGCAGCACGGGGCCGUCGCC,0.6102
GCCCGACAACCACUACCUG,UCAGGGCGGACUGGGUGCUCAGGUAGUGGUUGUCGGGCAGCAGCACGGGGCCGUCGC,0.5266
CCCGACAACCACUACCUGA,CUCAGGGCGGACUGGGUGCUCAGGUAGUGGUUGUCGGGCAGCAGCACGGGGCCGUCG,0.8193
CCGACAACCACUACCUGAG,GCUCAGGGCGGACUGGGUGCUCAGGUAGUGGUUGUCGGGCAGCAGCACGGGGCCGUC,0.9038
CGACAACCACUACCUGAGC,UGCUCAGGGCGGACUGGGUGCUCAGGUAGUGGUUGUCGGGCAGCAGCACGGGGCCGU,0.4617
GACAACCACUACCUGAGCA,UUGCUCAGGGCGGACUGGGUGCUCAGGUAGUGGUUGUCGGGCAGCAGCACGGGGCCG,0.524
ACAACCACUACCUGAGCAC,UUUGCUCAGGGCGGACUGGGUGCUCAGGUAGUGGUUGUCGGGCAGCAGCACGGGGCC,0.6288
CAACCACUACCUGAGCACC,CUUUGCUCAGGGCGGACUGGGUGCUCAGGUAGUGGUUGUCGGGCAGCAGCACGGGGC,0.4065
AACCACUACCUGAGCACCC,UCUUUGCUCAGGGCGGACUGGGUGCUCAGGUAGUGGUUGUCGGGCAGCAGCACGGGG,0.7956
ACCACUACCUGAGCACCCA,GUCUUUGCUCAGGGCGGACUGGGUGCUCAGGUAGUGGUUGUCGGGCAGCAGCACGGG,0.9799
CCACUACCUGAGCACCCAG,GGUCUUUGCUCAGGGCGGACUGGGUGCUCAGGUAGUGGUUGUCGGGCAGCAGCACGG,0.7584
CACUACCUGAGCACCCAGU,GGGUCUUUGCUCAGGGCGGACUGGGUGCUCAGGUAGUGGUUGUCGGGCAGCAGCACG,0.5133
ACUACCUGAGCACCCAGUC,GGGGUCUUUGCUCAGGGCGGACUGGGUGCUCAGGUAGUGGUUGUCGGGCAGCAGCAC,0.3688
CUACCUGAGCACCCAGUCC,UGGGGUCUUUGCUCAGGGCGGACUGGGUGCUCAGGUAGUGGUUGUCGGGCAGCAGCA,0.6708
UACCUGAGCACCCAGUCCG,UUGGGGUCUUUGCUCAGGGCGGACUGGGUGCUCAGGUAGUGGUUGUCGGGCAGCAGC,0.6468
ACCUGAGCACCCAGUCCGC,GUUGGGGUCUUUGCUCAGGGCGGACUGGGUGCUCAGGUAGUGGUUGUCGGGCAGCAG,0.6996
CCUGAGCACCCAGUCCGCC,CGUUGGGGUCUUUGCUCAGGGCGGACUGGGUGCUCAGGUAGUGGUUGUCGGGCAGCA,0.4062
CUGAGCACCCAGUCCGCCC,UCGUUGGGGUCUUUGCUCAGGGCGGACUGGGUGCUCAGGUAGUGGUUGUCGGGCAGC,0.4195
UGAGCACCCAGUCCGCCCU,CUCGUUGGGGUCUUUGCUCAGGGCGGACUGGGUGCUCAGGUAGUGGUUGUCGGGCAG,0.4979
GAGCACCCAGUCCGCCCUG,UCUCGUUGGGGUCUUUGCUCAGGGCGGACUGGGUGCUCAGGUAGUGGUUGUCGGGCA,0.4488
AGCACCCAGUCCGCCCUGA,UUCUCGUUGGGGUCUUUGCUCAGGGCGGACUGGGUGCUCAGGUAGUGGUUGUCGGGC,0.4321
GCACCCAGUCCGCCCUGAG,CUUCUCGUUGGGGUCUUUGCUCAGGGCGGACUGGGUGCUCAGGUAGUGGUUGUCGGG,0.6482
CACCCAGUCCGCCCUGAGC,GCUUCUCGUUGGGGUCUUUGCUCAGGGCGGACUGGGUGCUCAGGUAGUGGUUGUCGG,0.5163
ACCCAGUCCGCCCUGAGCA,CGCUUCUCGUUGGGGUCUUUGCUCAGGGCGGACUGGGUGCUCAGGUAGUGGUUGUCG,0.5185
CCCAGUCCGCCCUGAGCAA,GCGCUUCUCGUUGGGGUCUUUGCUCAGGGCGGACUGGGUGCUCAGGUAGUGGUUGUC,0.3408
CCAGUCCGCCCUGAGCAAA,CGCGCUUCUCGUUGGGGUCUUUGCUCAGGGCGGACUGGGUGCUCAGGUAGUGGUUGU,0.7377
CAGUCCGCCCUGAGCAAAG,UCGCGCUUCUCGUUGGGGUCUUUGCUCAGGGCGGACUGGGUGCUCAGGUAGUGGUUG,0.7781
AGUCCGCCCUGAGCAAAGA,AUCGCGCUUCUCGUUGGGGUCUUUGCUCAGGGCGGACUGGGUGCUCAGGUAGUGGUU,0.839
GUCCGCCCUGAGCAAAGAC,GAUCGCGCUUCUCGUUGGGGUCUUUGCUCAGGGCGGACUGGGUGCUCAGGUAGUGGU,0.8058
UCCGCCCUGAGCAAAGACC,UGAUCGCGCUUCUCGUUGGGGUCUUUGCUCAGGGCGGACUGGGUGCUCAGGUAGUGG,0.5493
CCGCCCUGAGCAAAGACCC,GUGAUCGCGCUUCUCGUUGGGGUCUUUGCUCAGGGCGGACUGGGUGCUCAGGUAGUG,0.4499
CGCCCUGAGCAAAGACCCC,UGUGAUCGCGCUUCUCGUUGGGGUCUUUGCUCAGGGCGGACUGGGUGCUCAGGUAGU,0.5956
GCCCUGAGCAAAGACCCCA,AUGUGAUCGCGCUUCUCGUUGGGGUCUUUGCUCAGGGCGGACUGGGUGCUCAGGUAG,0.5241
CCCUGAGCAAAGACCCCAA,CAUGUGAUCGCGCUUCUCGUUGGGGUCUUUGCUCAGGGCGGACUGGGUGCUCAGGUA,0.804
CCUGAGCAAAGACCCCAAC,CCAUGUGAUCGCGCUUCUCGUUGGGGUCUUUGCUCAGGGCGGACUGGGUGCUCAGGU,0.5879
CUGAGCAAAGACCCCAACG,ACCAUGUGAUCGCGCUUCUCGUUGGGGUCUUUGCUCAGGGCGGACUGGGUGCUCAGG,0.5017
UGAGCAAAGACCCCAACGA,GACCAUGUGAUCGCGCUUCUCGUUGGGGUCUUUGCUCAGGGCGGACUGGGUGCUCAG,0.8108
GAGCAAAGACCCCAACGAG,GGACCAUGUGAUCGCGCUUCUCGUUGGGGUCUUUGCUCAGGGCGGACUGGGUGCUCA,0.7964
AGCAAAGACCCCAACGAGA,AGGACCAUGUGAUCGCGCUUCUCGUUGGGGUCUUUGCUCAGGGCGGACUGGGUGCUC,0.8237
GCAAAGACCCCAACGAGAA,CAGGACCAUGUGAUCGCGCUUCUCGUUGGGGUCUUUGCUCAGGGCGGACUGGGUGCU,0.921
CAAAGACCCCAACGAGAAG,GCAGGACCAUGUGAUCGCGCUUCUCGUUGGGGUCUUUGCUCAGGGCGGACUGGGUGC,0.7151
AAAGACCCCAACGAGAAGC,AGCAGGACCAUGUGAUCGCGCUUCUCGUUGGGGUCUUUGCUCAGGGCGGACUGGGUG,0.1462
AAGACCCCAACGAGAAGCG,CAGCAGGACCAUGUGAUCGCGCUUCUCGUUGGGGUCUUUGCUCAGGGCGGACUGGGU,0.1133
AGACCCCAACGAGAAGCGC,CCAGCAGGACCAUGUGAUCGCGCUUCUCGUUGGGGUCUUUGCUCAGGGCGGACUGGG,0.1722
GACCCCAACGAGAAGCGCG,UCCAGCAGGACCAUGUGAUCGCGCUUCUCGUUGGGGUCUUUGCUCAGGGCGGACUGG,0.3183
ACCCCAACGAGAAGCGCGA,CUCCAGCAGGACCAUGUGAUCGCGCUUCUCGUUGGGGUCUUUGCUCAGGGCGGACUG,0.8464
CCCCAACGAGAAGCGCGAU,ACUCCAGCAGGACCAUGUGAUCGCGCUUCUCGUUGGGGUCUUUGCUCAGGGCGGACU,0.8464
CCCAACGAGAAGCGCGAUC,AACUCCAGCAGGACCAUGUGAUCGCGCUUCUCGUUGGGGUCUUUGCUCAGGGCGGAC,0.7441
CCAACGAGAAGCGCGAUCA,GAACUCCAGCAGGACCAUGUGAUCGCGCUUCUCGUUGGGGUCUUUGCUCAGGGCGGA,0.8393
CAACGAGAAGCGCGAUCAC,CGAACUCCAGCAGGACCAUGUGAUCGCGCUUCUCGUUGGGGUCUUUGCUCAGGGCGG,0.7872
AACGAGAAGCGCGAUCACA,ACGAACUCCAGCAGGACCAUGUGAUCGCGCUUCUCGUUGGGGUCUUUGCUCAGGGCG,0.7766
ACGAGAAGCGCGAUCACAU,CACGAACUCCAGCAGGACCAUGUGAUCGCGCUUCUCGUUGGGGUCUUUGCUCAGGGC,0.8323
CGAGAAGCGCGAUCACAUG,UCACGAACUCCAGCAGGACCAUGUGAUCGCGCUUCUCGUUGGGGUCUUUGCUCAGGG,0.826
GAGAAGCGCGAUCACAUGG,GUCACGAACUCCAGCAGGACCAUGUGAUCGCGCUUCUCGUUGGGGUCUUUGCUCAGG,0.5875
AGAAGCGCGAUCACAUGGU,GGUCACGAACUCCAGCAGGACCAUGUGAUCGCGCUUCUCGUUGGGGUCUUUGCUCAG,0.4759
GAAGCGCGAUCACAUGGUC,CGGUCACGAACUCCAGCAGGACCAUGUGAUCGCGCUUCUCGUUGGGGUCUUUGCUCA,0.6112
AAGCGCGAUCACAUGGUCC,GCGGUCACGAACUCCAGCAGGACCAUGUGAUCGCGCUUCUCGUUGGGGUCUUUGCUC,0.4328
AGCGCGAUCACAUGGUCCU,GGCGGUCACGAACUCCAGCAGGACCAUGUGAUCGCGCUUCUCGUUGGGGUCUUUGCU,0.6173
GCGCGAUCACAUGGUCCUG,CGGCGGUCACGAACUCCAGCAGGACCAUGUGAUCGCGCUUCUCGUUGGGGUCUUUGC,0.4742
CGCGAUCACAUGGUCCUGC,GCGGCGGUCACGAACUCCAGCAGGACCAUGUGAUCGCGCUUCUCGUUGGGGUCUUUG,0.2911
GCGAUCACAUGGUCCUGCU,GGCGGCGGUCACGAACUCCAGCAGGACCAUGUGAUCGCGCUUCUCGUUGGGGUCUUU,0.3865
CGAUCACAUGGUCCUGCUG,CGGCGGCGGUCACGAACUCCAGCAGGACCAUGUGAUCGCGCUUCUCGUUGGGGUCUU,0.5054
GAUCACAUGGUCCUGCUGG,CCGGCGGCGGUCACGAACUCCAGCAGGACCAUGUGAUCGCGCUUCUCGUUGGGGUCU,0.629
AUCACAUGGUCCUGCUGGA,CCCGGCGGCGGUCACGAACUCCAGCAGGACCAUGUGAUCGCGCUUCUCGUUGGGGUC,0.7645
UCACAUGGUCCUGCUGGAG,UCCCGGCGGCGGUCACGAACUCCAGCAGGACCAUGUGAUCGCGCUUCUCGUUGGGGU,0.3624
CACAUGGUCCUGCUGGAGU,AUCCCGGCGGCGGUCACGAACUCCAGCAGGACCAUGUGAUCGCGCUUCUCGUUGGGG,0.7882
ACAUGGUCCUGCUGGAGUU,GAUCCCGGCGGCGGUCACGAACUCCAGCAGGACCAUGUGAUCGCGCUUCUCGUUGGG,0.5639
CAUGGUCCUGCUGGAGUUC,UGAUCCCGGCGGCGGUCACGAACUCCAGCAGGACCAUGUGAUCGCGCUUCUCGUUGG,0.719
AUGGUCCUGCUGGAGUUCG,GUGAUCCCGGCGGCGGUCACGAACUCCAGCAGGACCAUGUGAUCGCGCUUCUCGUUG,0.3083
UGGUCCUGCUGGAGUUCGU,AGUGAUCCCGGCGGCGGUCACGAACUCCAGCAGGACCAUGUGAUCGCGCUUCUCGUU,0.8615
GGUCCUGCUGGAGUUCGUG,GAGUGAUCCCGGCGGCGGUCACGAACUCCAGCAGGACCAUGUGAUCGCGCUUCUCGU,0.7454
GUCCUGCUGGAGUUCGUGA,AGAGUGAUCCCGGCGGCGGUCACGAACUCCAGCAGGACCAUGUGAUCGCGCUUCUCG,0.4411
UCCUGCUGGAGUUCGUGAC,GAGAGUGAUCCCGGCGGCGGUCACGAACUCCAGCAGGACCAUGUGAUCGCGCUUCUC,0.8524
CCUGCUGGAGUUCGUGACC,CGAGAGUGAUCCCGGCGGCGGUCACGAACUCCAGCAGGACCAUGUGAUCGCGCUUCU,0.5267
CUGCUGGAGUUCGUGACCG,CCGAGAGUGAUCCCGGCGGCGGUCACGAACUCCAGCAGGACCAUGUGAUCGCGCUUC,0.7573
UGCUGGAGUUCGUGACCGC,GCCGAGAGUGAUCCCGGCGGCGGUCACGAACUCCAGCAGGACCAUGUGAUCGCGCUU,0.3689
GCUGGAGUUCGUGACCGCC,UGCCGAGAGUGAUCCCGGCGGCGGUCACGAACUCCAGCAGGACCAUGUGAUCGCGCU,0.3095
CUGGAGUUCGUGACCGCCG,AUGCCGAGAGUGAUCCCGGCGGCGGUCACGAACUCCAGCAGGACCAUGUGAUCGCGC,0.3976
UGGAGUUCGUGACCGCCGC,CAUGCCGAGAGUGAUCCCGGCGGCGGUCACGAACUCCAGCAGGACCAUGUGAUCGCG,0.329
GGAGUUCGUGACCGCCGCC,CCAUGCCGAGAGUGAUCCCGGCGGCGGUCACGAACUCCAGCAGGACCAUGUGAUCGC,0.4014
GAGUUCGUGACCGCCGCCG,UCCAUGCCGAGAGUGAUCCCGGCGGCGGUCACGAACUCCAGCAGGACCAUGUGAUCG,0.283
AGUUCGUGACCGCCGCCGG,GUCCAUGCCGAGAGUGAUCCCGGCGGCGGUCACGAACUCCAGCAGGACCAUGUGAUC,0.3
GUUCGUGACCGCCGCCGGG,CGUCCAUGCCGAGAGUGAUCCCGGCGGCGGUCACGAACUCCAGCAGGACCAUGUGAU,0.3347
UUCGUGACCGCCGCCGGGA,UCGUCCAUGCCGAGAGUGAUCCCGGCGGCGGUCACGAACUCCAGCAGGACCAUGUGA,0.2913
UCGUGACCGCCGCCGGGAU,CUCGUCCAUGCCGAGAGUGAUCCCGGCGGCGGUCACGAACUCCAGCAGGACCAUGUG,0.3474
CGUGACCGCCGCCGGGAUC,GCUCGUCCAUGCCGAGAGUGAUCCCGGCGGCGGUCACGAACUCCAGCAGGACCAUGU,0.2527
GUGACCGCCGCCGGGAUCA,AGCUCGUCCAUGCCGAGAGUGAUCCCGGCGGCGGUCACGAACUCCAGCAGGACCAUG,0.6959
UGACCGCCGCCGGGAUCAC,CAGCUCGUCCAUGCCGAGAGUGAUCCCGGCGGCGGUCACGAACUCCAGCAGGACCAU,0.1439
GACCGCCGCCGGGAUCACU,ACAGCUCGUCCAUGCCGAGAGUGAUCCCGGCGGCGGUCACGAACUCCAGCAGGACCA,0.3053
ACCGCCGCCGGGAUCACUC,UACAGCUCGUCCAUGCCGAGAGUGAUCCCGGCGGCGGUCACGAACUCCAGCAGGACC,0.5762
CCGCCGCCGGGAUCACUCU,GUACAGCUCGUCCAUGCCGAGAGUGAUCCCGGCGGCGGUCACGAACUCCAGCAGGAC,0.2693
CGCCGCCGGGAUCACUCUC,UGUACAGCUCGUCCAUGCCGAGAGUGAUCCCGGCGGCGGUCACGAACUCCAGCAGGA,0.3257
GCCGCCGGGAUCACUCUCG,UUGUACAGCUCGUCCAUGCCGAGAGUGAUCCCGGCGGCGGUCACGAACUCCAGCAGG,0.4736
CCGCCGGGAUCACUCUCGG,CUUGUACAGCUCGUCCAUGCCGAGAGUGAUCCCGGCGGCGGUCACGAACUCCAGCAG,0.2972
CGCCGGGAUCACUCUCGGC,ACUUGUACAGCUCGUCCAUGCCGAGAGUGAUCCCGGCGGCGGUCACGAACUCCAGCA,0.3146
GCCGGGAUCACUCUCGGCA,UACUUGUACAGCUCGUCCAUGCCGAGAGUGAUCCCGGCGGCGGUCACGAACUCCAGC,0.1545
CCGGGAUCACUCUCGGCAU,UUACUUGUACAGCUCGUCCAUGCCGAGAGUGAUCCCGGCGGCGGUCACGAACUCCAG,0.2513
CGGGAUCACUCUCGGCAUG,XUUACUUGUACAGCUCGUCCAUGCCGAGAGUGAUCCCGGCGGCGGUCACGAACUCCA,0.3176
GGGAUCACUCUCGGCAUGG,XXUUACUUGUACAGCUCGUCCAUGCCGAGAGUGAUCCCGGCGGCGGUCACGAACUCC,0.2437
GGAUCACUCUCGGCAUGGA,XXXUUACUUGUACAGCUCGUCCAUGCCGAGAGUGAUCCCGGCGGCGGUCACGAACUC,0.6283
GAUCACUCUCGGCAUGGAC,XXXXUUACUUGUACAGCUCGUCCAUGCCGAGAGUGAUCCCGGCGGCGGUCACGAACU,0.2606
AUCACUCUCGGCAUGGACG,XXXXXUUACUUGUACAGCUCGUCCAUGCCGAGAGUGAUCCCGGCGGCGGUCACGAAC,0.2186
UCACUCUCGGCAUGGACGA,XXXXXXUUACUUGUACAGCUCGUCCAUGCCGAGAGUGAUCCCGGCGGCGGUCACGAA,0.1137
CACUCUCGGCAUGGACGAG,XXXXXXXUUACUUGUACAGCUCGUCCAUGCCGAGAGUGAUCCCGGCGGCGGUCACGA,0.2511
ACUCUCGGCAUGGACGAGC,XXXXXXXXUUACUUGUACAGCUCGUCCAUGCCGAGAGUGAUCCCGGCGGCGGUCACG,0.0914
CUCUCGGCAUGGACGAGCU,XXXXXXXXXUUACUUGUACAGCUCGUCCAUGCCGAGAGUGAUCCCGGCGGCGGUCAC,0.6036
UCUCGGCAUGGACGAGCUG,XXXXXXXXXXUUACUUGUACAGCUCGUCCAUGCCGAGAGUGAUCCCGGCGGCGGUCA,0.8309
CUCGGCAUGGACGAGCUGU,XXXXXXXXXXXUUACUUGUACAGCUCGUCCAUGCCGAGAGUGAUCCCGGCGGCGGUC,0.3335
UCGGCAUGGACGAGCUGUA,XXXXXXXXXXXXUUACUUGUACAGCUCGUCCAUGCCGAGAGUGAUCCCGGCGGCGGU,0.6679
CGGCAUGGACGAGCUGUAC,XXXXXXXXXXXXXUUACUUGUACAGCUCGUCCAUGCCGAGAGUGAUCCCGGCGGCGG,0.5675
GGCAUGGACGAGCUGUACA,XXXXXXXXXXXXXXUUACUUGUACAGCUCGUCCAUGCCGAGAGUGAUCCCGGCGGCG,0.7366
GCAUGGACGAGCUGUACAA,XXXXXXXXXXXXXXXUUACUUGUACAGCUCGUCCAUGCCGAGAGUGAUCCCGGCGGC,0.7668
CAUGGACGAGCUGUACAAG,XXXXXXXXXXXXXXXXUUACUUGUACAGCUCGUCCAUGCCGAGAGUGAUCCCGGCGG,0.5354
AUGGACGAGCUGUACAAGU,XXXXXXXXXXXXXXXXXUUACUUGUACAGCUCGUCCAUGCCGAGAGUGAUCCCGGCG,0.6843
UGGACGAGCUGUACAAGUA,XXXXXXXXXXXXXXXXXXUUACUUGUACAGCUCGUCCAUGCCGAGAGUGAUCCCGGC,0.829
GGACGAGCUGUACAAGUAA,XXXXXXXXXXXXXXXXXXXUUACUUGUACAGCUCGUCCAUGCCGAGAGUGAUCCCGG,0.8347